,"X","Spp.Name","Notes","Bodymass_male..g.","Bodymass_female..g.","SSD","Av.Body.mass","Day.access","month.access","year.access","male_ref..1.","male_ref..2.","Female_ref..1.","Female_ref..2.","av_both_ref..1.","av_both_ref..2.","X.1","X.2"
"1",1,"Acinonyx_jubatus",,"46700","38500",0.279,,"NA",1,2021,"https://doi.org/10.1644/13-MAMM-A-076.1",,"https://doi.org/10.1644/13-MAMM-A-076.1",,,,,
"2",2,"Arvicanthis_niloticus",,"121.5","103",0.238,,"NA",1,2021,"https://animaldiversity.org/accounts/Arvicanthis_niloticus/#:~:text=Average%20mass%20of%20A.,to%20114%20g%20for%20females.",,"https://animaldiversity.org/accounts/Arvicanthis_niloticus/#:~:text=Average%20mass%20of%20A.,to%20114%20g%20for%20females.",,,,,
"3",3,"Balaenoptera_acutorostrata",,"7500000","8000000",-0.093,,"NA",1,2021,"https://animaldiversity.org/accounts/Balaenoptera_acutorostrata/",,"https://animaldiversity.org/accounts/Balaenoptera_acutorostrata/",,,,,
"4",4,"Bison_bison",,"725500","431500",0.75,,"NA",1,2021,"https://doi.org/10.1093/mspecies/266.1",,"https://doi.org/10.1093/mspecies/266.1",,,,,
"5",6,"Bos_mutus",,"580000","266000",1.125,,"NA",1,2021,"https://animaldiversity.org/site/accounts/information/Bos_grunniens.html",,"https://animaldiversity.org/site/accounts/information/Bos_grunniens.html",,,,,
"6",8,"Callorhinus_ursinus",,"227500","45000",2.338,,"NA",1,2021,"https://animaldiversity.org/accounts/Callorhinus_ursinus/",,"https://animaldiversity.org/accounts/Callorhinus_ursinus/",,,,,
"7",9,"Camelus_bactrianus",,"850000","720000",0.239,,"NA",1,2021,"Paper: Productive and biological features of Camelus Bactrianus – Camelus Dromedariusin conditions of Kazakhstan",,"Paper: Productive and biological features of Camelus Bactrianus – Camelus Dromedariusin conditions of Kazakhstan",,,,,
"8",10,"Camelus_dromedarius",,"600000","540000",0.152,,"NA",1,2021,"Köhler-Rollefson, Ilse U. 1991. “Camelus Dromedarius.” Mammalian Species, no. 375 (April): 1–8.",,"Köhler-Rollefson, Ilse U. 1991. “Camelus Dromedarius.” Mammalian Species, no. 375 (April): 1–8.",,,,,
"9",11,"Camelus_ferus","homotypic syn c bactrianus ferus SSD male much larger","590500","300000",0.977,,25,3,2021,"https://www.newworldencyclopedia.org/entry/Camel",,"https://www.newworldencyclopedia.org/entry/Camel",,"https://www.desertusa.com/animals/bactrian-camel.html","https://animaldiversity.org/accounts/Camelus_bactrianus/",,
"10",12,"Canis_lupus",,"80000","55000",0.541,,"NA",1,2021,"https://animaldiversity.org/accounts/Canis_lupus/",,"https://animaldiversity.org/accounts/Canis_lupus/",,,,,
"11",13,"Castor_canadensis",,"16700","16900",-0.017,,"NA",1,2021,"https://doi.org/10.1139%2Fz89-049",,"https://doi.org/10.1139%2Fz89-049",,,,,
"12",14,"Cebus_capucinus",,"4000","3000",0.415,,"NA",1,2021,"https://animaldiversity.org/accounts/Cebus_capucinus/",,"https://animaldiversity.org/accounts/Cebus_capucinus/",,,,,
"13",,"Cebus_capucinus_imitator",,"3100","2300",0.431,,28,7,2021,"Bergstrom, Mackenzie L., Jeremy D. Hogan, Amanda D. Melin, and Linda M. Fedigan. 2019. “The Nutritional Importance of Invertebrates to Female Cebus Capucinus Imitator in a Highly Seasonal Tropical Dry Forest.” American Journal of Physical Anthropology 170 (2): 207–16.",,"Bergstrom, Mackenzie L., Jeremy D. Hogan, Amanda D. Melin, and Linda M. Fedigan. 2019. “The Nutritional Importance of Invertebrates to Female Cebus Capucinus Imitator in a Highly Seasonal Tropical Dry Forest.” American Journal of Physical Anthropology 170 (2): 207–16.",,,,,
"14",15,"Ceratotherium_simum",,"2300000","1800000",0.354,,"NA",1,2021,"https://ielc.libguides.com/sdzg/factsheets/whiterhino/characteristics",,"https://ielc.libguides.com/sdzg/factsheets/whiterhino/characteristics",,,,,
"15",16,"Chrysochloris_asiatica","No SSD","42","42",0,,25,3,2021,"https://animaldiversity.org/accounts/Chrysochloris_asiatica/",,"https://animaldiversity.org/accounts/Chrysochloris_asiatica/",,,,,
"16",17,"Colobus_angolensis_palliatus",,"9660","91000",0.086,,28,7,2021,"Delson, E., C. J. Terranova, W. L. Jungers, and E. J. Sargis. 2000. Body Mass in Cercopithecidae (Primates, Mammalia): Estimation and Scaling in Extinct and Extant Taxa. Anthropological Papers of the AMNH; No. 83. digitallibrary.amnh.org.",,"Delson, E., C. J. Terranova, W. L. Jungers, and E. J. Sargis. 2000. Body Mass in Cercopithecidae (Primates, Mammalia): Estimation and Scaling in Extinct and Extant Taxa. Anthropological Papers of the AMNH; No. 83. digitallibrary.amnh.org.",,,,,
"17",18,"Condylura_cristata",,"700","643",0.123,,"NA",1,2021,"Hamilton, William John. 1931. “Habits of the Star-Nosed Mole, Condylura Cristata.” Journal of Mammalogy 12 (4): 345–55.",,,,,,,
"18",19,"Delphinapterus_leucas",,"1500000","1350000",0.152,,"NA",1,2021,"https://animaldiversity.org/accounts/Delphinapterus_leucas/#8df3feee8038ee5e62d92b736e09f2a8",,,,,,,
"19",20,"Desmodus_rotundus","NO SSD","33","33",0,,25,3,2021,"https://animaldiversity.org/accounts/Desmodus_rotundus/",,"https://animaldiversity.org/accounts/Desmodus_rotundus/",,,,,
"20",21,"Echinops_telfairi","NO SSD","221.3","221.3",0,,25,3,2021,"https://www.oaklandzoo.org/animals/lesser-madagascar-hedgehog-tenrec",,"https://www.oaklandzoo.org/animals/lesser-madagascar-hedgehog-tenrec",,"https://www.abdn.ac.uk/energetics-research/publications/pdf_docs/60.pdf",,,
"21",,"Elephantulus_edwardii","""...no significant sexual dimorphism...""","41","4153670",0,,25,3,2021,"Smit, H. A., T. J. Robinson, J. Watson, and B. Jansen van Vuuren. 2008. “A New Species of Elephant-Shrew (Afrotheria: Macroscelidea: Elephantulus) from South Africa.” Journal of Mammalogy 89 (5): 1257–69.",,"Smit, H. A., T. J. Robinson, J. Watson, and B. Jansen van Vuuren. 2008. “A New Species of Elephant-Shrew (Afrotheria: Macroscelidea: Elephantulus) from South Africa.” Journal of Mammalogy 89 (5): 1257–69.",,,,,
"22",23,"Enhydra_lutris",,"29000","20000",0.536,,"NA",1,2021,"https://animaldiversity.org/accounts/Enhydra_lutris/",,"https://animaldiversity.org/accounts/Enhydra_lutris/",,,,,
"23",,"Enhydra_lutris_kenyoni",,"33000","21500",0.618,,28,7,2021,"https://animaldiversity.org/accounts/Enhydra_lutris/",,"https://animaldiversity.org/accounts/Enhydra_lutris/",,,,,
"24",24,"Eptesicus_fuscus","SSD, female slightly larger","19","20.35",-0.099,,25,3,2021,"https://www.uregina.ca/science/biology/people/faculty-research/brigham-mark/files/Dunbar_and_Brigham_JCP_B_2010.pdf",,"https://besjournals.onlinelibrary.wiley.com/doi/pdf/10.1046/j.1365-2656.1998.6760930.x","https://www.uregina.ca/science/biology/people/faculty-research/brigham-mark/files/Dunbar_and_Brigham_JCP_B_2010.pdf","https://animaldiversity.org/accounts/Eptesicus_fuscus/","https://www.cfr.msstate.edu/wildlife/mammals/pdf/Bigbrownbat.pdf","https://www.wtamu.edu/~rmatlack/Mammalogy/Species_accounts_2003/Eptesicus_fuscus_account.htm","https://digitalcommons.unl.edu/cgi/viewcontent.cgi?article=1145&context=museummammalogy"
"25",27,"Eumetopias_jubatus","SSD","681000","273400",1.317,,17,5,2021,"https://academic.oup.com/jmammal/article/82/2/500/2373087",,"https://academic.oup.com/jmammal/article/82/2/500/2373087",,,,,
"26",28,"Galeopterus_variegatus","No SSD, Checar bitacora","1216.67","1216.67",0,,17,5,2021,"https://animaldiversity.org/accounts/Galeopterus_variegates/","https://en.wikipedia.org/wiki/Sunda_flying_lemur","https://animaldiversity.org/accounts/Galeopterus_variegates/","https://en.wikipedia.org/wiki/Sunda_flying_lemur",,,,
"27",29,"Globicephala_melas","SSD ","2682350","1440000",0.897,,17,5,2021,"https://animaldiversity.org/accounts/Globicephala_melas/#52487528-063B-4F4B-AF62-6E7FC4A819B5",,"https://animaldiversity.org/accounts/Globicephala_melas/#52487528-063B-4F4B-AF62-6E7FC4A819B5",,,,,
"28",32,"Hylobates_moloch","""...Hylobates and Symphalangus, both with long upper limbs compared to their lower limbs, small body sizes, and little sexual dimorphism...""","7149.5","6352",0.171,,19,5,2021,"https://animaldiversity.org/accounts/Hylobates_moloch/","https://link.springer.com/article/10.1007/s10764-011-9506-y","https://animaldiversity.org/accounts/Hylobates_moloch/","https://link.springer.com/article/10.1007/s10764-011-9506-y","https://genomics.senescence.info/species/entry.php?species=Hylobates_moloch",,,
"29",33,"Lagenorhynchus_obliquidens","SSD male slightly larger","160000","149000",0.103,,19,5,2021,"https://animaldiversity.org/accounts/Lagenorhynchus_obliquidens/",,"https://animaldiversity.org/accounts/Lagenorhynchus_obliquidens/",,,,,
"30",34,"Leptonychotes_weddellii","SSD female larger","385820","445270",-0.207,,19,5,2021,"https://journals.plos.org/plosone/article/figure?id=10.1371/journal.pone.0091233.t001","https://animaldiversity.org/accounts/Leptonychotes_weddellii/","https://journals.plos.org/plosone/article/figure?id=10.1371/journal.pone.0091233.t001","https://animaldiversity.org/accounts/Leptonychotes_weddellii/",,,,
"31",35,"Lipotes_vexillifer","SSD female larger","103010","144550",-0.489,,19,5,2021,"https://animaldiversity.org/accounts/Lipotes_vexillifer/",,"https://animaldiversity.org/accounts/Lipotes_vexillifer/",,,,,
"32",36,"Lontra_canadensis","SSD male larger, average 5%+","8450","7930",0.092,,20,5,2021,"https://www.hindawi.com/journals/vmi/2020/4307456/tab1/","https://www.jstor.org/stable/3504417?seq=1","https://www.hindawi.com/journals/vmi/2020/4307456/tab1/",,"https://animaldiversity.org/accounts/Lontra_canadensis/",,,
"33",37,"Lynx_canadensis","SSD male larger","10450","8890",0.233,,20,5,2021,"https://www.ncbi.nlm.nih.gov/pmc/articles/PMC7149466/#:~:text=canadensis%20is%20heavier%20(mean%20body,of%20the%20tail%20of%20L.","https://doi.org/10.7589/0090-3558-46.1.13","https://www.ncbi.nlm.nih.gov/pmc/articles/PMC7149466/#:~:text=canadensis%20is%20heavier%20(mean%20body,of%20the%20tail%20of%20L.","https://doi.org/10.7589/0090-3558-46.1.13","https://animaldiversity.org/accounts/Lynx_canadensis/",,,
"34",38,"Manis_javanica","SSD male larger","5020","4220",0.25,,20,5,2021,"DOI:10.25225/fozo.v66.i4.a8.2017",,"DOI:10.25225/fozo.v66.i4.a8.2017",,,,,
"35",39,"Marmota_flaviventris","SSD male larger","3900","2800",0.478,,20,5,2021,"https://animaldiversity.org/accounts/Marmota_flaviventris/",,"https://animaldiversity.org/accounts/Marmota_flaviventris/",,,,,
"36",40,"Marmota_marmota","SSD male slightly larger","3000","2900",0.049,,20,5,2021,"https://animaldiversity.org/accounts/Marmota_marmota/",,"https://animaldiversity.org/accounts/Marmota_marmota/",,,,,
"37",41,"Mastomys_coucha","SSD male larger","45","32",0.492,,20,5,2021,"DOI:10.1644/BPR-001",,"DOI:10.1644/BPR-001",,,,,
"38",42,"Meriones_unguiculatus","SSD male slightly larger (expand search)","60","53",0.179,,21,5,2021,"https://animaldiversity.org/accounts/Meriones_unguiculatus/",,"https://animaldiversity.org/accounts/Meriones_unguiculatus/",,,,,
"39",43,"Miniopterus_natalensis","No SSD","10.65","10.71",-0.008,,21,5,2021,"https://bioone.org/journals/journal-of-vertebrate-biology/volume-70/issue-1/jvb.20088/No-Evidence-of-Pre-Hibernation-or-Pre-Migratory-Body-Mass/10.25225/jvb.20088.full",,"https://bioone.org/journals/journal-of-vertebrate-biology/volume-70/issue-1/jvb.20088/No-Evidence-of-Pre-Hibernation-or-Pre-Migratory-Body-Mass/10.25225/jvb.20088.full",,,,,
"40",44,"Mirounga_leonina","SSD Male much larger","2775000","447000",2.634,,24,5,2021,"https://animaldiversity.org/accounts/Mirounga_leonina/",,"https://www.researchgate.net/publication/226649617_Body_mass_loss_of_moulting_female_southern_elephant_seals_Mirounga_leonina_at_Macquarie_Island",,,,,
"41",46,"Monodon_monoceros","SSD male slightly larger","1192730","1018180",0.228,,27,5,2021,"https://marinemammalscience.org/facts/monodon-monoceros/",,"https://marinemammalscience.org/facts/monodon-monoceros/",,,,,
"42",47,"Mus_caroli","SSD male slightly larger","14.26","11.25",0.342,,27,5,2021,"https://eol.org/pages/1179227/data",,"https://eol.org/pages/1179227/data",,,,,
"43",49,"Mustela_erminea","SSD male much larger","211.48","128.33",0.721,,28,5,2021,"https://besjournals.onlinelibrary.wiley.com/doi/pdf/10.1111/j.1365-2656.2010.01762.x","https://doi.org/10.2307/3565544","https://animaldiversity.org/accounts/Mustela_erminea/","https://doi.org/10.2307/3565544",,,,
"44",50,"Mustela_putorius","SSD male larger","1250","732.5",0.771,,28,5,2021,"https://en.wikipedia.org/wiki/European_polecat#Build",,"https://en.wikipedia.org/wiki/European_polecat#Build",,,,,
"45",,"Mustela_putorius_furo",,"2250","700",1.684,,28,7,2021,"Schilling, Kim. 2021. Ferrets For Dummies. John Wiley & Sons.",,"Schilling, Kim. 2021. Ferrets For Dummies. John Wiley & Sons.",,,,,
"46",51,"Myotis_brandtii",,"5.8","5.6",0.051,,31,5,2021,"DOI:10.1515/vzoo-2016-0027",,"DOI:10.1515/vzoo-2016-0027",,,,,
"47",54,"Odobenus_rosmarus","SSD male larger + ornamentation","1232000","722500",0.77,,1,6,2021,"https://animaldiversity.org/accounts/Odobenus_rosmarus/","https://doi.org/10.1111/j.1469-7998.1994.tb04854.x","https://animaldiversity.org/accounts/Odobenus_rosmarus/","https://doi.org/10.1111/j.1469-7998.1994.tb04854.x",,,,
"48",,"Odobenus_rosmarus_divergens",,"1210000","832000",0.54,,28,7,2021,"Fay, Francis H. 1982. “Ecology and Biology of the Pacific Walrus, Odobenus Rosmarus Divergens Illiger.” North American Fauna, no. 74 (74): 1–279.",,"Fay, Francis H. 1982. “Ecology and Biology of the Pacific Walrus, Odobenus Rosmarus Divergens Illiger.” North American Fauna, no. 74 (74): 1–279.",,,,,
"49",55,"Odocoileus_virginianus","SSD male larger + ornamentation","76700","42300",0.859,,1,6,2021,"https://gato-docs.its.txstate.edu/jcr:69534d5a-6961-4d4e-9a29-14b0115df765/Luna%20et%20al.%202013%20JFWM.pdf","https://animaldiversity.org/accounts/Odocoileus_virginianus/","https://bioone.org/journals/wildlife-biology/volume-14/issue-2/0909-6396(2008)14%5b263%3aVIMALA%5d2.0.CO%3b2/Variation-in-mass-and-lactation-among-cohorts-of-white-tailed/10.2981/0909-6396(2008)14[263:VIMALA]2.0.CO;2.full","https://gato-docs.its.txstate.edu/jcr:69534d5a-6961-4d4e-9a29-14b0115df765/Luna%20et%20al.%202013%20JFWM.pdf",,,,
"50",56,"Orcinus_orca","SSD male larger","5640000","4153670",0.441,,1,6,2021,"https://animaldiversity.org/accounts/Orcinus_orca/","https://seaworld.org/animals/all-about/killer-whale/characteristics/","https://animaldiversity.org/accounts/Orcinus_orca/","https://seaworld.org/animals/all-about/killer-whale/characteristics/",,,,
"51",57,"Orycteropus_afer","Bitacora","51300","51400",-0.003,"51,400",2,6,2021,"https://animaldiversity.org/accounts/Orycteropus_afer/","https://www.jstage.jst.go.jp/article/ase/127/1/127_190221/_pdf/-char/en",,"https://books.google.com.mx/books?id=OI5PAwAAQBAJ&pg=PT44&lpg=PT44&dq=Orycteropus+afer+female+body+mass&source=bl&ots=qEQjOQWRJ3&sig=ACfU3U1_yEm1WUt7xsZyoM-rzem0XaTm-g&hl=en&sa=X&ved=2ahUKEwinvbLf7uDxAhWGhK0KHSUVChUQ6AEwD3oECAYQAw#v=onepage&q=Orycteropus%20afer%20female%20body%20mass&f=false","https://www.zora.uzh.ch/id/eprint/127217/1/JZAR%20anteater%20survey%202016.pdf","https://doi.org/10.2307/2845656",,
"52",58,"Panthera_tigris","SSD male larger","180500","126000",0.519,,2,6,2021,"https://ielc.libguides.com/sdzg/factsheets/tiger/characteristics",,"https://ielc.libguides.com/sdzg/factsheets/tiger/characteristics",,,,,
"53",,"Panthera_tigris_altaica",,"333000","133500",1.319,,27,7,2021,"Mazák, Vratislav. 1981. “Panthera Tigris.” Mammalian Species, no. 152 (May): 1–8.",,"Mazák, Vratislav. 1981. “Panthera Tigris.” Mammalian Species, no. 152 (May): 1–8.",,,,,
"54",59,"Peromyscus_leucopus",,"19.9","19.9",0,,2,6,2021,"https://link.springer.com/article/10.1007/s13364-017-0324-2",,"https://link.springer.com/article/10.1007/s13364-017-0324-2",,,,,
"55",60,"Peromyscus_maniculatus","SSD female larger ""...females display a larger body mass compared to males...""","18.4","19",-0.046,,2,6,2021,"https://www.nature.com/articles/s41598-020-65755-x",,"https://www.nature.com/articles/s41598-020-65755-x",,,,,
"56",,"Peromyscus_maniculatus_bairdii",,"16.2","15.2",0.092,,28,7,2021,"Dewsbury, D. A., D. J. Baumgerdner, R. L. Evans, and D. G. Webster. 1980. “Sexual Dimorphism for Body Mass in 13 Taxa of Muroid Rodents under Laboratory Conditions.” Journal of Mammalogy 61 (1): 146–49.",,"Dewsbury, D. A., D. J. Baumgerdner, R. L. Evans, and D. G. Webster. 1980. “Sexual Dimorphism for Body Mass in 13 Taxa of Muroid Rodents under Laboratory Conditions.” Journal of Mammalogy 61 (1): 146–49.",,,,,
"57",61,"Phoca_vitulina","SSD male larger","112500","96100",0.227,"                                                                                                                                                                    ",3,6,2021,"https://animaldiversity.org/accounts/Phoca_vitulina/","DOI:10.1578/AM.31.1.2005.34","https://animaldiversity.org/accounts/Phoca_vitulina/","DOI:10.1578/AM.31.1.2005.34",,,,
"58",62,"Phocoena_sinus","SSD female slightly larger","41700","44200",-0.084,,3,6,2021,"DOI:10.1111/j.1469-7998.1996.tb05450.x","https://marinemammalscience.org/facts/phocoena-sinus/","DOI:10.1111/j.1469-7998.1996.tb05450.x","https://marinemammalscience.org/facts/phocoena-sinus/",,,,
"59",63,"Phyllostomus_discolor","SSD male larger","44600","39700",0.168,,3,6,2021,"https://academic.oup.com/mspecies/article/doi/10.1644/801.1/2600854",,"https://academic.oup.com/mspecies/article/doi/10.1644/801.1/2600854",,,,,
"60",66,"Pteropus_alecto","No SSD","653500","653500",0,,4,6,2021,"DOI:10.1111/avj.12296","https://animaldiversity.org/accounts/Pteropus_alecto/","DOI:10.1111/avj.12296","https://animaldiversity.org/accounts/Pteropus_alecto/",,,,
"61",67,"Puma_concolor","SSD male larger","48790","38830",0.329,,4,6,2021,"https://www.redalyc.org/jatsRepo/4023/402350522002/html/index.html",,"https://www.redalyc.org/jatsRepo/4023/402350522002/html/index.html",,"DOI:10.1071/WR10109","https://animaldiversity.org/accounts/Puma_concolor/",,
"62",68,"Rattus_rattus",,"130.43","125.88",0.051,,7,6,2021,"https://www.tandfonline.com/doi/pdf/10.1080/03014223.2002.9518303",,"https://www.tandfonline.com/doi/pdf/10.1080/03014223.2002.9518303",,,,,
"63",69,"Rhinolophus_ferrumequinum",,"22.92","24.97",-0.124,,7,6,2021,"https://doi.org/10.1111/jbi.13658",,"https://doi.org/10.1111/jbi.13658",,,,,
"64",70,"Rousettus_aegyptiacus","SSD Male larger","141.42","124.23",0.187,,7,6,2021,"DOI:10.1007/s003600050222",,"https://doi.org/10.1890/02-0632",,,,,
"65",71,"Saimiri_boliviensis","SSD Male larger","1025.5","800",0.358,,8,6,2021,"https://primate.wisc.edu/primate-info-net/pin-factsheets/pin-factsheet-squirrel-monkey/",,"https://primate.wisc.edu/primate-info-net/pin-factsheets/pin-factsheet-squirrel-monkey/",,,,,
"66",72,"Sapajus_apella","SSD Male larger, formerlly cebus apella","4512.5","3062.5",0.559,,8,6,2021,"https://academicworks.cuny.edu/cgi/viewcontent.cgi?article=1071&context=hc_sas_etds","10.1002/ajp.10120","https://academicworks.cuny.edu/cgi/viewcontent.cgi?article=1071&context=hc_sas_etds","10.1002/ajp.10120",,,,
"67",73,"Suricata_suricatta","not much variation between sexes but some dominant females can be heavier than the rest","731","733.7",-0.005,,8,6,2021,"https://animaldiversity.org/accounts/Suricata_suricatta/",,"https://animaldiversity.org/accounts/Suricata_suricatta/","DOI: 10.1111/1365-2656.12239",,,,
"68",74,"Theropithecus_gelada","SSD male larger","19375","12900",0.587,,8,6,2021,"https://www.longdom.org/articles/population-size-and-structure-of-gelada-baboon-theropithecus-gelada-ruppel-1835-in-simien-mountains-national-park-ethiop.pdf","https://animaldiversity.org/accounts/Theropithecus_gelada/","https://www.longdom.org/articles/population-size-and-structure-of-gelada-baboon-theropithecus-gelada-ruppel-1835-in-simien-mountains-national-park-ethiop.pdf","https://animaldiversity.org/accounts/Theropithecus_gelada/",,,,
"69",75,"Trachypithecus_francoisi","SSD male larger","8666.67","6383.33",0.441,,10,6,2021,"Body mass in comparative primatology","https://animaldiversity.org/accounts/Trachypithecus_francoisi/","Body mass in comparative primatology","https://doi.org/10.1002/ajpa.23813",,,,
"70",76,"Trichechus_inunguis","SSD female larger","344820","376670",-0.127,,10,6,2021,"https://doi.org/10.1017/S1755267210000886",,"https://doi.org/10.1017/S1755267210000886",,"https://animaldiversity.org/accounts/Trichechus_manatus/",,,
"71",,"Trichechus_manatus_latirostris",,"475000","376670",0.479,,29,7,2021,"Reep, R. L., C. D. Marshall, M. L. Stoll, and D. M. Whitaker. 1998. “Distribution and Innervation of Facial Bristles and Hairs in the Florida Manatee (Trichechus Manatus Latirostris).” Marine Mammal Science 14 (2): 257–73.",,"Reep, R. L., C. D. Marshall, M. L. Stoll, and D. M. Whitaker. 1998. “Distribution and Innervation of Facial Bristles and Hairs in the Florida Manatee (Trichechus Manatus Latirostris).” Marine Mammal Science 14 (2): 257–73.",,,,,
"72",,"Tupaia_chinensis",,"138.9","126.94",0.13,,27,7,2021,"Wu, X., Q. Chang, Y. Zhang, X. Zou, L. Chen, L. Zhang, L. Lv, and B. Liang. 2013. “Relationships between Body Weight, Fasting Blood Glucose Concentration, Sex and Age in Tree Shrews (Tupaia Belangeri Chinensis).” Journal of Animal Physiology and Animal Nutrition 97 (6): 1179–88.",,"Wu, X., Q. Chang, Y. Zhang, X. Zou, L. Chen, L. Zhang, L. Lv, and B. Liang. 2013. “Relationships between Body Weight, Fasting Blood Glucose Concentration, Sex and Age in Tree Shrews (Tupaia Belangeri Chinensis).” Journal of Animal Physiology and Animal Nutrition 97 (6): 1179–88.",,,,,
"73",77,"Tupaia_glis","No SSD, male and female share similar physiology","166","166",0,,11,6,2021,"https://citeseerx.ist.psu.edu/viewdoc/download?doi=10.1.1.902.8486&rep=rep1&type=pdf#:~:text=Tupaia%20glis%2C%20also%20known%20as,mammal%20in%20the%20Tupaiidae%20family.&text=Common%20treeshrew%20has%20an%20average,weight%20of%20approximately%20190%20g.","https://animaldiversity.org/accounts/Tupaia_glis/","https://citeseerx.ist.psu.edu/viewdoc/download?doi=10.1.1.902.8486&rep=rep1&type=pdf#:~:text=Tupaia%20glis%2C%20also%20known%20as,mammal%20in%20the%20Tupaiidae%20family.&text=Common%20treeshrew%20has%20an%20average,weight%20of%20approximately%20190%20g.","https://animaldiversity.org/accounts/Tupaia_glis/",,,,
"74",78,"Urocitellus_parryii","synonym spermophilus parryii, SSD male up to 10% larger","778","591",0.397,,11,6,2021,"DOI:10.1139/cjz-79-5-759","https://animaldiversity.org/accounts/Spermophilus_parryii/","DOI:10.1139/cjz-79-5-759","https://animaldiversity.org/accounts/Spermophilus_parryii/","https://academic.oup.com/mspecies/article/50/964/84/5099029",,,
"75",79,"Ursus_arctos","SSD male larger","213660","123080",0.796,,11,6,2021,"https://link.springer.com/article/10.1007/s00300-019-02501-8/tables/1","https://animaldiversity.org/accounts/Ursus_arctos/","https://link.springer.com/article/10.1007/s00300-019-02501-8/tables/1","https://animaldiversity.org/accounts/Ursus_arctos/",,,,
"76",,"Ursus_arctos_horribilis",,"262500","197500",0.41,,27,7,2021,"http://www.bearconservation.org.uk/grizzly-bear/",,"http://www.bearconservation.org.uk/grizzly-bear/",,,,,
"77",80,"Vombatus_ursinus","No mayor differences between sexes","29666.67","29716.67",-0.002,,11,6,2021,"https://ielc.libguides.com/sdzg/factsheets/wombats/characteristics",,"https://ielc.libguides.com/sdzg/factsheets/wombats/characteristics",,,,,
"78",81,"Zalophus_californianus","SSD male much larger","206400","89600",1.204,,11,6,2021,"https://animaldiversity.org/accounts/Zalophus_californianus/","DOI:10.1242/jeb.00144","https://animaldiversity.org/accounts/Zalophus_californianus/","DOI:10.1242/jeb.00144",,,,
"79",82,"Aotus_nancymaae",,"1260","1260",0,,13,7,2021,"https://doi.org/10.1002/ajpa.21541",,"https://doi.org/10.1002/ajpa.21541",,,,,
"80",83,"Dasypus_novemcinctus",,"66000","48000",0.459,,13,7,2021,"McDonald, K. and J. Larson 2011. ""Dasypus novemcinctus"" (On-line), Animal Diversity Web. Accessed July 13, 2021 at https://animaldiversity.org/accounts/Dasypus_novemcinctus/",,"McDonald, K. and J. Larson 2011. ""Dasypus novemcinctus"" (On-line), Animal Diversity Web. Accessed July 13, 2021 at https://animaldiversity.org/accounts/Dasypus_novemcinctus/",,,,,
"81",84,"Erinaceus_europaeus",,"1091","1009",0.113,,13,7,2021,"https://doi.org/10.1007/s13364-012-0080-2",,"https://doi.org/10.1007/s13364-012-0080-2",,,,,
"82",85,"Fukomys_damarensis",,"201.7","151.3",0.415,,13,7,2021,"https://doi.org/10.1159/000328640",,"https://doi.org/10.1159/000328640",,,,,
"83",86,"Heterocephalus_glaber",,"33.9","33.9",0,,13,7,2021,"https://doi.org/10.1644/0.706.1",,"https://doi.org/10.1644/0.706.1",,,,,
"84",87,"Ictidomys_tridecemlineatus",,"154","160",-0.055,,13,7,2021,"Schmidly, David J., and Robert D. Bradley. 2016. The Mammals of Texas. University of Texas Press.",,"Schmidly, David J., and Robert D. Bradley. 2016. The Mammals of Texas. University of Texas Press.",,,,,
"85",88,"Jaculus_jaculus",,"65.4","63.8",0.036,,13,7,2021,"Moutinho, Filipa, Abdeljebbar Qninba, Alison Harrington, Kristian Forbes, Mohamed Mediani, Nina Sérén, Tapio Mappes, and Zbyszek Boratyński. 2015. “Winter Breeding of the Lesser Egyptian Jerboa Jaculus Jaculus (Linnaeus, 1758) in Southern Morocco.” Go-South Bulletin 12: 24–27.",,"Moutinho, Filipa, Abdeljebbar Qninba, Alison Harrington, Kristian Forbes, Mohamed Mediani, Nina Sérén, Tapio Mappes, and Zbyszek Boratyński. 2015. “Winter Breeding of the Lesser Egyptian Jerboa Jaculus Jaculus (Linnaeus, 1758) in Southern Morocco.” Go-South Bulletin 12: 24–27.",,,,,
"86",89,"Neomonachus_schauinslandi",,"169000","203000",-0.264,,13,7,2021,"https://marinemammalscience.org/facts/neomonachus-schauinslandi/",,"https://marinemammalscience.org/facts/neomonachus-schauinslandi/",,,,,
"87",90,"Nomascus_leucogenys","small sample size","7270","7650",-0.074,,13,7,2021,"DOl: 10.1644/890.1 ",,"DOl: 10.1644/890.1",,,,,
"88",92,"Ornithorhynchus_anatinus",,"2154","1232",0.806,,13,7,2021,"https://doi.org/10.1071/WR10162",,"https://doi.org/10.1071/WR10162",,,,,
"89",93,"Otolemur_garnettii",,"794","734",0.113,,15,7,2021,"Fleagle, John G. 2013. Primate Adaptation and Evolution. Academic Press.",,"Fleagle, John G. 2013. Primate Adaptation and Evolution. Academic Press.",,,,,
"90",94,"Panthera_pardus",,"63500","44000",0.529,,15,7,2021,"Nowak, Ronald M., and Ernest Pillsbury Walker. 1999. Walker’s Mammals of the World. JHU Press.",,"Nowak, Ronald M., and Ernest Pillsbury Walker. 1999. Walker’s Mammals of the World. JHU Press.",,,,,
"91",95,"Pongo_abelii",,"83000","37000",1.166,,15,7,2021,"Rodman, Peter S., and John C. Mitani. 2008. “13. Orangutans: Sexual Dimorphism in a Solitary Species.” In Primate Societies, 146–54. University of Chicago Press.",,"Rodman, Peter S., and John C. Mitani. 2008. “13. Orangutans: Sexual Dimorphism in a Solitary Species.” In Primate Societies, 146–54. University of Chicago Press.",,,,,
"92",96,"Propithecus_coquereli",,"3927","3804",0.046,,15,7,2021,"Hartstone-Rose, Adam, and Jonathan M. G. Perry. 2011. “Intraspecific Variation in Maximum Ingested Food Size and Body Mass in Varecia Rubra and Propithecus Coquereli.” Anatomy Research International 2011 (May): 831943.",,"Hartstone-Rose, Adam, and Jonathan M. G. Perry. 2011. “Intraspecific Variation in Maximum Ingested Food Size and Body Mass in Varecia Rubra and Propithecus Coquereli.” Anatomy Research International 2011 (May): 831943.",,,,,
"93",97,"Pteropus_vampyrus",,"1153.3","895.2",0.365,,15,7,2021,"McNab, Brian K., and Monica I. Armstrong. 2001. “Sexual Dimorphism and Scaling of Energetics in Flying Foxes of the Genus Pteropus.” Journal of Mammalogy 82 (3): 709–20.",,"McNab, Brian K., and Monica I. Armstrong. 2001. “Sexual Dimorphism and Scaling of Energetics in Flying Foxes of the Genus Pteropus.” Journal of Mammalogy 82 (3): 709–20.",,,,,
"94",98,"Rhinopithecus_bieti",,"15300","9100",0.75,,15,7,2021,"Harding, Lee E., and Lian-Xian Han. 2018. “Rhinopithecus Bieti (Primates: Cercopithecidae).” Mammalian Species 50 (969): 148–65.",,"Harding, Lee E., and Lian-Xian Han. 2018. “Rhinopithecus Bieti (Primates: Cercopithecidae).” Mammalian Species 50 (969): 148–65.",,,,,
"95",99,"Rhinopithecus_roxellana",,"17000","9000",0.918,,15,7,2021,"Zhu, Wen-Wen, Paul A. Garber, Michelle Bezanson, Xiao-Guang Qi, and Bao-Guo Li. 2015. “Age- and Sex-Based Patterns of Positional Behavior and Substrate Utilization in the Golden Snub-Nosed Monkey (Rhinopithecus Roxellana).” American Journal of Primatology 77 (1): 98–108.",,"Zhu, Wen-Wen, Paul A. Garber, Michelle Bezanson, Xiao-Guang Qi, and Bao-Guo Li. 2015. “Age- and Sex-Based Patterns of Positional Behavior and Substrate Utilization in the Golden Snub-Nosed Monkey (Rhinopithecus Roxellana).” American Journal of Primatology 77 (1): 98–108.",,,,,
"96",100,"Sorex_araneus",,"9.2","8.9",0.048,,15,7,2021,"Buchalczyk, Anna. 1961. “Variation in Weight of the Internal Organs of Sorex Araneus Linnaeus, 1758. I. Salivary Glands; Zmienność Wagowa Narządów Wewnętrznych Sorex Araneus Linnaeus, 1758. I. Gruczoły ślinowe.” Acta Theriologica 5 (16): 229–52.",,"Buchalczyk, Anna. 1961. “Variation in Weight of the Internal Organs of Sorex Araneus Linnaeus, 1758. I. Salivary Glands; Zmienność Wagowa Narządów Wewnętrznych Sorex Araneus Linnaeus, 1758. I. Gruczoły ślinowe.” Acta Theriologica 5 (16): 229–52.",,,,,
"97",101,"Vicugna_pacos","From the average according to cite males are 10lbs larger than females","70000","66000",0.085,,15,7,2021,"Helmenstine, Anne Marie, Ph.D. ""Alpaca Facts."" ThoughtCo. https://www.thoughtco.com/alpaca-facts-4767964 (accessed July 15, 2021).",,"Helmenstine, Anne Marie, Ph.D. ""Alpaca Facts."" ThoughtCo. https://www.thoughtco.com/alpaca-facts-4767964 (accessed July 15, 2021).",,,,,
"98","NA","Pan_paniscus","Numbers correspond to the reference in Alins thesis. This sp trait was taken from her thesis",39000,31000,0.33,"NA",15,7,2021,3,"NA",3,"NA","NA","NA","NA","NA"
"99","NA","Felis_catus","Numbers correspond to the reference in Alins thesis. This sp trait was taken from her thesis",3600,2800,0.36,"NA",15,7,2021,4,"NA",4,"NA","NA","NA","NA","NA"
"100","NA","Pan_troglodytes","Numbers correspond to the reference in Alins thesis. This sp trait was taken from her thesis",48900,40600,0.27,"NA",15,7,2021,5,"NA",5,"NA","NA","NA","NA","NA"
"101","NA","Bos_taurus","Numbers correspond to the reference in Alins thesis. This sp trait was taken from her thesis",500000,425000,0.23,"NA",15,7,2021,6,"NA",6,"NA","NA","NA","NA","NA"
"102","NA","Macaca_fascicularis","Numbers correspond to the reference in Alins thesis. This sp trait was taken from her thesis",5335,3588,0.57,"NA",15,7,2021,2,"NA",2,"NA","NA","NA","NA","NA"
"103","NA","Octodon_degus","Numbers correspond to the reference in Alins thesis. This sp trait was taken from her thesis",258,232,0.15,"NA",15,7,2021,7,"NA",7,"NA","NA","NA","NA","NA"
"104","NA","Tursiops_truncatus","Numbers correspond to the reference in Alins thesis. This sp trait was taken from her thesis",259000,194400,0.41,"NA",15,7,2021,9,"NA",9,"NA","NA","NA","NA","NA"
"105","NA","Mandrillus_leucophaeus","Numbers correspond to the reference in Alins thesis. This sp trait was taken from her thesis",17000,10000,0.77,"NA",15,7,2021,3,"NA",3,"NA","NA","NA","NA","NA"
"106","NA","Loxodonta_africana","Numbers correspond to the reference in Alins thesis. This sp trait was taken from her thesis",5314000,2986000,0.83,"NA",15,7,2021,3,"NA",3,"NA","NA","NA","NA","NA"
"107","NA","Capra_hircus","Numbers correspond to the reference in Alins thesis. This sp trait was taken from her thesis",67143,46429,0.53,"NA",15,7,2021,6,"NA",6,"NA","NA","NA","NA","NA"
"108","NA","Mesocricetus_auratus","Numbers correspond to the reference in Alins thesis. This sp trait was taken from her thesis",121.6,107.4,0.18,"NA",15,7,2021,12,"NA",12,"NA","NA","NA","NA","NA"
"109","NA","Gorilla_gorilla","Numbers correspond to the reference in Alins thesis. This sp trait was taken from her thesis",160000,93000,0.78,"NA",15,7,2021,5,"NA",5,"NA","NA","NA","NA","NA"
"110","NA","Cavia_porcellus","Numbers correspond to the reference in Alins thesis. This sp trait was taken from her thesis",813.3,630.4,0.37,"NA",15,7,2021,5,"NA",5,"NA","NA","NA","NA","NA"
"111","NA","Equus_caballus","Numbers correspond to the reference in Alins thesis. This sp trait was taken from her thesis",407000,358333,0.18,"NA",15,7,2021,6,"NA",6,"NA","NA","NA","NA","NA"
"112","NA","Homo_sapiens","Numbers correspond to the reference in Alins thesis. This sp trait was taken from her thesis",70000,60000,0.22,"NA",15,7,2021,5,"NA",5,"NA","NA","NA","NA","NA"
"113","NA","Dipodomys_ordii","Numbers correspond to the reference in Alins thesis. This sp trait was taken from her thesis",52.42,55.6,-0.08,"NA",15,7,2021,5,"NA",5,"NA","NA","NA","NA","NA"
"114","NA","Phascolarctos_cinereus","Numbers correspond to the reference in Alins thesis. This sp trait was taken from her thesis",10400,8200,0.34,"NA",15,7,2021,13,"NA",13,"NA","NA","NA","NA","NA"
"115","NA","Chinchilla_lanigera","Numbers correspond to the reference in Alins thesis. This sp trait was taken from her thesis",417.15,422,-0.02,"NA",15,7,2021,2,"NA",2,"NA","NA","NA","NA","NA"
"116","NA","Macaca_mulatta","Numbers correspond to the reference in Alins thesis. This sp trait was taken from her thesis",9159.5,5339,0.78,"NA",15,7,2021,2,"NA",2,"NA","NA","NA","NA","NA"
"117","NA","Callithrix_jacchus","Numbers correspond to the reference in Alins thesis. This sp trait was taken from her thesis",317.9,322,-0.02,"NA",15,7,2021,14,"NA",14,"NA","NA","NA","NA","NA"
"118","NA","Myotis_lucifugus","Numbers correspond to the reference in Alins thesis. This sp trait was taken from her thesis",7.67,8.44,-0.14,"NA",15,7,2021,15,"NA",15,"NA","NA","NA","NA","NA"
"119","NA","Mus_musculus","Numbers correspond to the reference in Alins thesis. This sp trait was taken from her thesis",20.3,17.1,0.25,"NA",15,7,2021,5,"NA",5,"NA","NA","NA","NA","NA"
"120","NA","Microcebus_murinus","Numbers correspond to the reference in Alins thesis. This sp trait was taken from her thesis",86,84,0.03,"NA",15,7,2021,3,"NA",3,"NA","NA","NA","NA","NA"
"121","NA","Papio_anubis","Numbers correspond to the reference in Alins thesis. This sp trait was taken from her thesis",22957,13924.5,0.72,"NA",15,7,2021,2,"NA",2,"NA","NA","NA","NA","NA"
"122","NA","Monodelphis_domestica","Numbers correspond to the reference in Alins thesis. This sp trait was taken from her thesis",100,90,0.15,"NA",15,7,2021,2,"NA",2,"NA","NA","NA","NA","NA"
"123","NA","Ailuropoda_melanoleuca","Numbers correspond to the reference in Alins thesis. This sp trait was taken from her thesis",117000,97000,0.27,"NA",15,7,2021,17,"NA",17,"NA","NA","NA","NA","NA"
"124","NA","Sus_scrofa","Numbers correspond to the reference in Alins thesis. This sp trait was taken from her thesis",90000,51700,0.8,"NA",15,7,2021,6,"NA",6,"NA","NA","NA","NA","NA"
"125","NA","Macaca_nemestrina","Numbers correspond to the reference in Alins thesis. This sp trait was taken from her thesis",10000,7000,0.51,"NA",15,7,2021,3,"NA",3,"NA","NA","NA","NA","NA"
"126","NA","Ursus_maritimus","Numbers correspond to the reference in Alins thesis. This sp trait was taken from her thesis",465000,194100,1.26,"NA",15,7,2021,18,"NA",18,"NA","NA","NA","NA","NA"
"127","NA","Microtus_ochrogaster","Numbers correspond to the reference in Alins thesis. This sp trait was taken from her thesis",41.6,41.7,0,"NA",15,7,2021,19,"NA",19,"NA","NA","NA","NA","NA"
"128","NA","Oryctolagus_cuniculus","Numbers correspond to the reference in Alins thesis. This sp trait was taken from her thesis",1385,1381,0,"NA",15,7,2021,5,"NA",5,"NA","NA","NA","NA","NA"
"129","NA","Rattus_norvegicus","Numbers correspond to the reference in Alins thesis. This sp trait was taken from her thesis",325.3,294.7,0.14,"NA",15,7,2021,5,"NA",5,"NA","NA","NA","NA","NA"
"130","NA","Vulpes_vulpes","Numbers correspond to the reference in Alins thesis. This sp trait was taken from her thesis",6300,5300,0.25,"NA",15,7,2021,20,"NA",20,"NA","NA","NA","NA","NA"
"131","NA","Ovis_aries","Numbers correspond to the reference in Alins thesis. This sp trait was taken from her thesis",26000,20000,0.38,"NA",15,7,2021,3,"NA",3,"NA","NA","NA","NA","NA"
"132","NA","Cercocebus_atys","Numbers correspond to the reference in Alins thesis. This sp trait was taken from her thesis",11000,5600,0.97,"NA",15,7,2021,3,"NA",3,"NA","NA","NA","NA","NA"
"133","NA","Sarcophilus_harrisii","Numbers correspond to the reference in Alins thesis. This sp trait was taken from her thesis",6750,5000,0.43,"NA",15,7,2021,5,"NA",5,"NA","NA","NA","NA","NA"
"134","NA","Chlorocebus_sabaeus","Numbers correspond to the reference in Alins thesis. This sp trait was taken from her thesis",5881.5,4218,0.48,"NA",15,7,2021,2,"NA",2,"NA","NA","NA","NA","NA"
