"","X","MLSP_Ei_1","MLSP_Ei_2","MLSP_Ei_3","MLSP_Ei_4","MLSP_Ei_5","MLSP_Ei_6","MLSP_Ei_7","MLSP_Ei_8","MLSP_Ei_9","MLSP_Ei_10","MLSP_Ei_11","MLSP_Ei_12","MLSP_Ei_13","MLSP_Ei_14","MLSP_Ei_15"
"1","acetylcholine receptor signaling pathway",NA,NA,NA,NA,NA,NA,NA,NA,NA,NA,2.32585963902333e-09,NA,NA,7.267134747802e-11,NA
"2","actin crosslink formation",NA,NA,NA,NA,NA,NA,NA,NA,NA,NA,0.0480329712419484,NA,NA,NA,NA
"3","actin cytoskeleton organization",NA,NA,NA,NA,NA,NA,NA,NA,NA,NA,NA,NA,0.0139601388885285,NA,NA
"4","actin filament organization",NA,NA,NA,NA,NA,NA,NA,NA,NA,NA,NA,NA,0.00478255558068437,NA,NA
"5","activation of cysteine-type endopeptidase activity involved in apoptotic process",NA,NA,NA,NA,NA,NA,3.73102481221102e-22,NA,NA,NA,NA,6.0547414266297e-49,2.62192096276074e-05,NA,NA
"6","adaptive immune response",NA,NA,NA,NA,NA,NA,NA,NA,NA,NA,1.60208733724349e-38,4.0826358743565e-05,NA,4.28453232191342e-35,NA
"7","adenylate cyclase-activating G protein-coupled receptor signaling pathway",NA,NA,NA,NA,NA,NA,NA,NA,NA,NA,NA,NA,0.00444415295833915,NA,NA
"8","alpha-tubulin acetylation",NA,NA,NA,NA,NA,NA,NA,NA,NA,NA,2.99626112821945e-07,NA,NA,1.86729934869798e-06,NA
"9","aminoacyl-tRNA metabolism involved in translational fidelity",NA,NA,NA,NA,NA,NA,NA,NA,NA,NA,5.87071655753966e-09,NA,NA,1.14779773444415e-07,NA
"10","anatomical structure morphogenesis",NA,NA,0.0175777317857922,NA,NA,NA,NA,1.23109496961186e-12,NA,NA,NA,NA,NA,NA,NA
"11","angiogenesis",NA,NA,NA,NA,NA,NA,NA,0.0316132599621306,NA,NA,NA,0.0247256819395978,0.00451521714746227,NA,NA
"12","animal organ morphogenesis",NA,NA,NA,NA,NA,NA,NA,0.000360612926431367,NA,NA,NA,NA,1.73038535438866e-08,NA,NA
"13","antigen processing and presentation",NA,NA,NA,NA,NA,NA,NA,NA,NA,NA,5.60766537928915e-25,3.16190504739083e-13,NA,2.95674803494998e-21,NA
"14","antigen processing and presentation of endogenous peptide antigen via MHC class I",NA,NA,NA,NA,NA,NA,NA,NA,NA,NA,2.6844190881267e-17,NA,NA,6.11607464758619e-15,NA
"15","antigen processing and presentation of endogenous peptide antigen via MHC class I via ER pathway, TAP-independent",NA,NA,NA,NA,NA,3.9242719001239e-87,NA,NA,NA,NA,NA,NA,NA,NA,NA
"16","antigen processing and presentation of endogenous peptide antigen via MHC class Ib",NA,NA,NA,NA,NA,3.9242719001239e-87,NA,NA,NA,NA,NA,NA,NA,NA,NA
"17","antigen processing and presentation of exogenous peptide antigen via MHC class II",NA,NA,NA,NA,NA,1.16415816867025e-08,NA,NA,NA,NA,2.08991995621407e-38,0.000190533611220758,NA,1.54751565120224e-36,NA
"18","antigen processing and presentation of peptide antigen via MHC class I",NA,NA,NA,NA,NA,6.3764911508882e-186,NA,NA,NA,NA,NA,NA,NA,NA,NA
"19","antigen processing and presentation of peptide or polysaccharide antigen via MHC class II",NA,NA,NA,NA,NA,NA,NA,NA,NA,NA,5.16274493528358e-52,1.18055125688119e-23,NA,1.1301941267491e-46,NA
"20","antimicrobial humoral immune response mediated by antimicrobial peptide",NA,NA,NA,NA,NA,NA,NA,NA,NA,NA,1.79497623618248e-18,NA,NA,7.26674251499969e-22,NA
"21","antiviral innate immune response",NA,NA,NA,NA,NA,NA,NA,NA,NA,NA,0.0110906951574407,5.67495340564981e-35,NA,0.0290267975491673,NA
"22","apoptotic mitochondrial changes",NA,NA,NA,NA,NA,NA,9.03621859474741e-98,NA,NA,NA,NA,NA,2.45433697011137e-25,NA,NA
"23","apoptotic process",0.00050504431937167,NA,0.00143373717973376,NA,NA,NA,2.74021678610597e-110,1.1790504945989e-11,NA,NA,NA,NA,4.03388830101241e-14,NA,NA
"24","apoptotic signaling pathway",NA,NA,NA,NA,NA,NA,1.02173961224949e-47,1.66679880875239e-05,NA,NA,NA,NA,NA,NA,NA
"25","astrocyte activation",NA,NA,NA,NA,NA,NA,NA,NA,NA,NA,2.42839110068844e-06,2.57243947963526e-258,NA,1.7777560334393e-05,NA
"26","autophagy",NA,NA,NA,NA,NA,NA,2.80474856375872e-11,NA,NA,NA,NA,NA,NA,NA,NA
"27","axon guidance",NA,NA,NA,NA,NA,NA,NA,NA,NA,NA,NA,NA,0.00140914793610243,NA,NA
"28","axonogenesis",NA,NA,NA,NA,NA,NA,NA,NA,2.8312650206352e-08,NA,NA,NA,NA,NA,NA
"29","B cell differentiation",NA,NA,NA,NA,NA,NA,NA,NA,NA,NA,NA,NA,6.37935084552238e-16,NA,NA
"30","B cell homeostasis",NA,NA,NA,NA,NA,NA,5.5283728419803e-137,NA,NA,NA,NA,NA,NA,NA,NA
"31","B cell proliferation",NA,NA,NA,NA,NA,NA,NA,NA,NA,NA,NA,NA,1.36624576316186e-06,NA,NA
"32","B cell receptor signaling pathway",NA,NA,NA,NA,NA,NA,NA,NA,NA,NA,NA,NA,3.7121208069265e-12,NA,NA
"33","base-excision repair",NA,NA,NA,NA,NA,NA,NA,NA,NA,4.59359208975977e-254,NA,NA,NA,NA,NA
"34","biological_process",NA,NA,NA,NA,NA,NA,NA,NA,NA,NA,0.0127119663326387,NA,NA,0.0177502726498137,NA
"35","blastocyst development",NA,NA,NA,NA,NA,NA,NA,6.27169573233909e-50,NA,NA,NA,NA,NA,NA,NA
"36","blood coagulation",NA,NA,NA,NA,NA,NA,NA,NA,NA,NA,0.0269350920715331,NA,1.30925393904291e-05,NA,NA
"37","BMP signaling pathway",NA,NA,NA,NA,NA,NA,NA,1.35629082675551e-25,NA,NA,NA,NA,NA,NA,NA
"38","calcium ion transmembrane transport",NA,NA,NA,NA,NA,NA,NA,NA,NA,NA,NA,NA,0.000235118666822411,NA,NA
"39","calcium ion transport",NA,NA,NA,NA,NA,NA,NA,NA,NA,NA,NA,NA,0.00628964652941354,NA,NA
"40","calcium ion transport into cytosol",NA,NA,NA,NA,NA,NA,1.19376442901006e-106,NA,NA,NA,NA,NA,NA,NA,NA
"41","calcium-mediated signaling",NA,NA,NA,NA,NA,NA,NA,NA,NA,NA,NA,0.00101853434333155,3.87723876418889e-05,NA,NA
"42","canonical Wnt signaling pathway",NA,NA,NA,NA,NA,NA,NA,0.00049744511108828,NA,NA,NA,NA,3.71355782272109e-05,NA,NA
"43","carbohydrate derivative metabolic process",NA,NA,NA,NA,NA,NA,NA,NA,2.97166571985098e-47,NA,NA,NA,NA,NA,NA
"44","carbohydrate metabolic process",NA,NA,NA,NA,NA,NA,NA,NA,0.00243761641218875,NA,NA,NA,NA,NA,NA
"45","carbohydrate phosphorylation",NA,NA,NA,NA,NA,NA,NA,NA,6.87619958471289e-27,NA,NA,NA,NA,NA,NA
"46","CDP-diacylglycerol biosynthetic process",NA,NA,NA,NA,NA,NA,NA,NA,NA,NA,0.0214738099201113,NA,NA,0.0416912412111749,NA
"47","cell adhesion",NA,NA,NA,NA,NA,NA,NA,NA,NA,NA,NA,3.44009035476915e-11,0.000301289172523666,NA,NA
"48","cell chemotaxis",NA,NA,NA,NA,NA,NA,NA,NA,NA,NA,0.009490106263917,0.00266486031037367,NA,4.57482249963513e-05,NA
"49","cell communication",NA,NA,NA,NA,NA,NA,5.93995738189247e-11,NA,NA,NA,5.19669376735579e-10,1.07594681109913e-21,0.000236056329614354,3.30660837312988e-11,NA
"50","cell differentiation",NA,NA,NA,NA,NA,NA,NA,NA,NA,NA,NA,NA,0.000357979322303848,NA,NA
"51","cell division",9.60141982824433e-20,NA,6.32514317414672e-16,NA,NA,NA,NA,1.40739533683042e-05,NA,NA,NA,NA,NA,NA,NA
"52","cell migration",NA,NA,NA,NA,NA,NA,NA,NA,NA,NA,NA,NA,3.50993274589175e-08,NA,NA
"53","cell morphogenesis",NA,NA,NA,NA,NA,NA,NA,NA,NA,NA,NA,NA,0.000962557828367474,NA,NA
"54","cell population proliferation",NA,NA,NA,NA,NA,NA,1.68099074733423e-08,1.01383215613835e-09,NA,NA,NA,0.000336284966323216,1.44582971948589e-25,NA,NA
"55","cell redox homeostasis",NA,NA,NA,NA,NA,NA,NA,NA,2.29995190561984e-60,NA,NA,NA,NA,NA,NA
"56","cell surface receptor protein tyrosine kinase signaling pathway",NA,NA,NA,NA,NA,NA,NA,NA,NA,NA,NA,NA,1.11701604682137e-23,NA,NA
"57","cell surface receptor signaling pathway",NA,NA,NA,NA,NA,NA,NA,NA,NA,NA,2.52012500672108e-09,5.76819690537613e-09,5.30566620228938e-23,3.97299754380557e-16,NA
"58","cell-cell adhesion",NA,NA,NA,NA,NA,NA,NA,NA,NA,NA,NA,NA,0.0418667968094412,NA,NA
"59","cell-cell junction organization",NA,NA,NA,NA,NA,NA,NA,NA,NA,NA,NA,NA,5.04062468870197e-15,NA,NA
"60","cell-cell signaling",NA,NA,NA,NA,NA,NA,NA,NA,NA,NA,1.34826086077752e-07,NA,NA,6.74659244914014e-06,NA
"61","cellular defense response",NA,NA,NA,NA,NA,3.48153283238136e-45,NA,NA,NA,NA,3.23227913646776e-22,NA,NA,2.14251110502482e-18,NA
"62","cellular oxidant detoxification",NA,NA,NA,NA,NA,NA,NA,NA,3.77039116889306e-09,NA,NA,1.3796902556711e-06,NA,NA,NA
"63","cellular response to amino acid starvation",NA,NA,NA,NA,NA,NA,NA,NA,1.11080167629588e-15,NA,NA,NA,NA,NA,NA
"64","cellular response to amino acid stimulus",NA,NA,NA,NA,NA,NA,NA,4.71319597846907e-05,NA,NA,NA,NA,1.35594980606246e-06,NA,NA
"65","cellular response to amyloid-beta",NA,NA,NA,NA,NA,NA,NA,NA,NA,NA,0.0316415874869687,8.39444044934972e-92,NA,0.000464745869881944,NA
"66","cellular response to cadmium ion",NA,NA,NA,NA,NA,NA,NA,NA,NA,NA,NA,1.39158348644999e-14,NA,NA,NA
"67","cellular response to estradiol stimulus",NA,NA,NA,NA,NA,NA,NA,NA,NA,NA,NA,3.89400363331926e-15,5.04044921193739e-33,NA,NA
"68","cellular response to gamma radiation",NA,NA,NA,NA,NA,NA,NA,1.53478172576637e-13,NA,3.87851910275709e-50,NA,NA,2.61470538096787e-17,NA,NA
"69","cellular response to glucose starvation",NA,NA,NA,NA,NA,NA,3.73981969039784e-37,NA,NA,NA,NA,NA,5.59796922915942e-14,NA,NA
"70","cellular response to glucose stimulus",NA,NA,NA,NA,NA,NA,NA,NA,NA,NA,NA,NA,4.03517445345587e-13,NA,NA
"71","cellular response to growth factor stimulus",NA,NA,NA,NA,NA,NA,NA,NA,NA,NA,NA,1.05869495616426e-10,2.04796569236053e-14,NA,NA
"72","cellular response to heat",NA,NA,NA,NA,NA,NA,NA,NA,NA,NA,NA,NA,2.7741564235369e-06,NA,NA
"73","cellular response to hormone stimulus",NA,NA,NA,NA,NA,NA,NA,NA,NA,NA,NA,NA,1.80122261969601e-07,NA,NA
"74","cellular response to hydrogen peroxide",0.0239558305055287,NA,0.0496308497187682,NA,NA,NA,NA,7.51097861125748e-08,1.39681576291936e-10,NA,NA,NA,8.79198184226715e-16,NA,NA
"75","cellular response to hypoxia",NA,NA,NA,NA,NA,NA,3.41552698358584e-27,4.67213915291579e-10,NA,NA,NA,0.000269517831037142,1.06417101466405e-17,NA,NA
"76","cellular response to insulin stimulus",NA,NA,NA,NA,NA,NA,NA,7.39606076501516e-10,1.08255990528129e-08,NA,NA,NA,3.25598569451571e-18,NA,NA
"77","cellular response to interleukin-6",NA,NA,NA,NA,NA,NA,NA,NA,NA,NA,3.03300621770565e-07,NA,NA,3.46410995751069e-06,NA
"78","cellular response to ionizing radiation",4.54356038783508e-11,NA,4.88095694335602e-09,NA,NA,NA,NA,2.44503316302067e-05,NA,6.14129403927179e-22,NA,5.72332091642805e-76,5.76614114450579e-07,NA,NA
"79","cellular response to lipopolysaccharide",0.00674920654215182,NA,0.000461574499195659,NA,NA,NA,NA,NA,NA,NA,0.00651590357445441,0.000218796368951535,0.0348816982634169,0.0301885485213742,NA
"80","cellular response to mechanical stimulus",1.32474782094829e-08,NA,1.18677554296434e-07,NA,NA,NA,NA,NA,NA,NA,NA,1.47987946303467e-09,3.43055660778869e-28,NA,NA
"81","cellular response to nutrient levels",NA,NA,NA,NA,NA,NA,NA,NA,1.74764738655466e-21,NA,NA,NA,NA,NA,NA
"82","cellular response to organic cyclic compound",NA,NA,NA,NA,NA,NA,NA,NA,NA,NA,NA,NA,3.62429297566825e-06,NA,NA
"83","cellular response to oxidative stress",NA,NA,NA,NA,NA,NA,NA,0.0111702575787869,NA,NA,NA,NA,NA,NA,NA
"84","cellular response to retinoic acid",NA,NA,NA,NA,NA,NA,NA,NA,NA,NA,NA,NA,2.3943896031529e-08,NA,NA
"85","cellular response to starvation",NA,NA,NA,NA,NA,NA,NA,NA,5.45053247894311e-09,NA,NA,NA,NA,NA,NA
"86","cellular response to transforming growth factor beta stimulus",NA,NA,NA,NA,NA,NA,NA,NA,NA,NA,NA,NA,6.26719764733558e-33,NA,NA
"87","cellular response to tumor necrosis factor",NA,NA,NA,NA,NA,NA,NA,0.000305969241495716,NA,NA,0.0077318776382301,4.5485689416827e-07,0.0025246103623215,0.0276856590343712,NA
"88","cellular response to type II interferon",NA,NA,NA,NA,NA,NA,NA,NA,NA,NA,4.63526120295222e-07,0.000221282411508613,0.00157749245045744,7.59048752697927e-06,NA
"89","cellular response to UV",7.08664918058562e-05,NA,0.000633523341087827,NA,NA,NA,2.16536610728101e-35,1.36109469864789e-06,NA,7.24890666142273e-40,NA,NA,3.29761012519769e-08,NA,NA
"90","cellular response to virus",0.000162331019140007,NA,6.87419275350471e-05,NA,NA,NA,NA,NA,NA,NA,NA,1.15480049008727e-08,8.27824044308583e-07,NA,NA
"91","cellular response to xenobiotic stimulus",NA,NA,NA,NA,NA,NA,NA,4.44675833109968e-07,NA,NA,NA,9.45786079125739e-12,3.48889670302658e-14,NA,NA
"92","cellular senescence",NA,NA,NA,NA,NA,NA,NA,1.20617594016828e-48,NA,NA,NA,NA,3.46133625747466e-24,NA,NA
"93","central nervous system development",NA,NA,NA,NA,NA,NA,NA,4.09534961829848e-05,NA,NA,NA,NA,0.000732477797997203,NA,NA
"94","centrosome cycle",NA,NA,NA,NA,NA,NA,NA,8.91232932757172e-05,NA,NA,NA,NA,NA,NA,NA
"95","cerebral cortex development",NA,NA,NA,NA,NA,NA,NA,NA,NA,NA,NA,NA,1.77425970158256e-05,NA,NA
"96","chaperone cofactor-dependent protein refolding",NA,NA,NA,NA,NA,NA,NA,NA,NA,NA,NA,1.3133819267793e-29,NA,NA,NA
"97","chaperone-mediated protein complex assembly",NA,NA,NA,NA,NA,NA,NA,NA,NA,NA,NA,NA,1.33385080738659e-11,NA,NA
"98","chaperone-mediated protein folding",NA,0.000873606946174923,NA,NA,NA,NA,NA,NA,NA,NA,NA,NA,NA,NA,4.13571801444795e-06
"99","chemokine-mediated signaling pathway",NA,NA,NA,NA,NA,NA,NA,NA,NA,NA,1.46874476551368e-18,NA,NA,9.15252350383787e-16,NA
"100","chemotaxis",NA,NA,NA,NA,NA,NA,NA,0.00532174523165982,NA,NA,1.70609398902812e-08,NA,1.04661706247795e-05,5.1225687331118e-07,NA
"101","cholesterol efflux",NA,NA,NA,NA,NA,NA,NA,NA,NA,NA,NA,5.56871091956212e-12,NA,NA,NA
"102","cholesterol homeostasis",NA,NA,NA,NA,NA,NA,NA,NA,NA,NA,NA,1.17415716967697e-13,NA,NA,NA
"103","cholesterol metabolic process",NA,NA,NA,NA,NA,NA,NA,NA,NA,NA,NA,1.17856820125245e-15,NA,NA,NA
"104","choline transport",NA,NA,NA,NA,NA,NA,NA,NA,NA,NA,0.000134725858178065,NA,NA,0.000494848571697339,NA
"105","chromatin looping",NA,NA,NA,NA,NA,NA,NA,NA,NA,NA,NA,NA,NA,0.0492398024559395,NA
"106","chromatin organization",NA,NA,NA,NA,NA,NA,NA,1.38445282621138e-12,NA,7.6102118026147e-07,NA,NA,0.00168831453030099,NA,NA
"107","chromatin remodeling",NA,NA,NA,NA,NA,NA,NA,8.29842614716032e-22,NA,0.0299103862854628,NA,NA,2.75430272010499e-09,NA,NA
"108","chromosome condensation",1.11242035104155e-07,NA,2.25758029940789e-09,NA,NA,NA,NA,NA,NA,NA,NA,NA,NA,NA,NA
"109","chromosome organization",9.10429733211024e-07,NA,9.01040500540515e-06,NA,NA,NA,NA,9.05114127184611e-17,NA,NA,NA,NA,NA,NA,NA
"110","chromosome segregation",1.26071349928267e-13,NA,4.08214275107e-12,NA,NA,NA,NA,0.00632542485750876,NA,NA,NA,NA,NA,NA,NA
"111","circadian regulation of gene expression",NA,NA,NA,NA,NA,NA,NA,NA,NA,NA,NA,NA,4.60512410113511e-09,NA,NA
"112","circadian rhythm",NA,NA,NA,2.99744763883815e-07,NA,NA,NA,4.85747084234603e-05,NA,NA,NA,2.14888286998186e-23,7.68731951933785e-11,NA,NA
"113","cognition",NA,NA,NA,NA,NA,NA,NA,NA,NA,NA,0.00339615178346216,1.93383727769634e-41,NA,0.000283963319071003,NA
"114","collagen-activated signaling pathway",NA,NA,NA,NA,NA,NA,NA,NA,NA,NA,3.71589077525534e-20,NA,NA,2.31928308901243e-17,NA
"115","collagen-activated tyrosine kinase receptor signaling pathway",NA,NA,NA,NA,NA,NA,NA,NA,NA,NA,3.5473099955275e-05,NA,NA,0.000119534685075044,NA
"116","complement activation",NA,NA,NA,NA,NA,1.58592121703883e-64,NA,NA,NA,NA,0.000139123020614733,NA,NA,1.961072497183e-13,NA
"117","complement activation, alternative pathway",NA,NA,NA,NA,NA,NA,NA,NA,NA,NA,0.000164745682466934,NA,NA,0.000448357615361702,NA
"118","complement activation, classical pathway",NA,NA,NA,NA,NA,2.26243269052906e-64,NA,NA,NA,NA,NA,NA,NA,1.51382734197614e-06,NA
"119","cortical actin cytoskeleton organization",NA,NA,NA,NA,NA,NA,NA,NA,NA,NA,NA,7.05247068926461e-65,NA,NA,NA
"120","cytoplasmic pattern recognition receptor signaling pathway",9.10937364002965e-10,NA,6.54426329961756e-08,NA,NA,NA,NA,NA,NA,NA,NA,NA,NA,NA,NA
"121","cytoskeleton organization",NA,NA,NA,NA,NA,NA,NA,NA,NA,NA,NA,NA,0.0395783734433578,NA,NA
"122","cytoskeleton-dependent intracellular transport",NA,NA,NA,NA,NA,NA,NA,NA,NA,NA,NA,NA,NA,0.0202492609102068,NA
"123","defense response",NA,NA,NA,NA,NA,NA,NA,NA,NA,NA,NA,NA,NA,0.00091053840320242,NA
"124","defense response to bacterium",NA,NA,NA,NA,NA,1.0438810223517e-05,NA,NA,NA,NA,NA,6.27796823817574e-05,NA,NA,NA
"125","defense response to Gram-positive bacterium",NA,NA,NA,NA,NA,NA,NA,NA,NA,NA,NA,0.00118204225157861,NA,NA,NA
"126","defense response to virus",9.33838361124976e-11,NA,4.93578603679157e-10,NA,NA,NA,1.54616835545838e-12,NA,NA,NA,NA,NA,NA,NA,NA
"127","determination of adult lifespan",NA,NA,NA,NA,NA,NA,NA,1.73855807655849e-08,NA,1.75194753203143e-35,NA,NA,NA,NA,NA
"128","digestive tract development",NA,NA,NA,NA,NA,NA,NA,NA,NA,NA,NA,NA,1.92184943754659e-18,NA,NA
"129","DNA biosynthetic process",NA,NA,NA,NA,NA,NA,NA,NA,NA,3.71436336021427e-44,NA,NA,NA,NA,NA
"130","DNA catabolic process",NA,NA,NA,NA,NA,NA,NA,NA,NA,1.44193182921731e-25,NA,NA,NA,NA,NA
"131","DNA damage checkpoint signaling",8.73621935796952e-11,NA,1.76685623925667e-08,NA,NA,NA,NA,NA,NA,9.41262160709437e-55,NA,NA,NA,NA,NA
"132","DNA damage response",2.74559372229752e-09,NA,4.34919348957405e-07,NA,NA,NA,5.5863825364095e-13,1.22694011581701e-20,NA,5.35822507229465e-144,NA,0.0389928751086725,2.86717230185714e-06,NA,NA
"133","DNA duplex unwinding",NA,NA,NA,NA,NA,NA,NA,NA,NA,1.44950419803779e-51,NA,NA,NA,NA,NA
"134","DNA metabolic process",NA,NA,NA,NA,NA,NA,NA,NA,NA,7.92582703327342e-29,NA,NA,NA,NA,NA
"135","DNA methylation-dependent heterochromatin formation",NA,NA,NA,NA,NA,NA,NA,1.91020020617507e-06,NA,NA,NA,NA,NA,NA,NA
"136","DNA recombination",0.0145768603741577,NA,0.0491176132495394,NA,NA,NA,NA,3.53099174901533e-08,NA,1.01757848789573e-92,NA,NA,NA,NA,NA
"137","DNA repair",7.72289131267976e-12,NA,1.79389647900897e-09,NA,NA,NA,NA,3.71923733487745e-13,NA,0,NA,NA,NA,NA,NA
"138","DNA replication",NA,NA,NA,NA,NA,NA,NA,NA,NA,1.49438508019779e-72,NA,NA,NA,NA,NA
"139","DNA replication checkpoint signaling",NA,NA,NA,NA,NA,NA,NA,NA,NA,6.81396875066858e-161,0.000384616647700103,NA,NA,0.00104004558770541,NA
"140","DNA-templated DNA replication",NA,NA,NA,NA,NA,NA,NA,NA,NA,4.58219585555887e-80,NA,NA,NA,NA,NA
"141","DNA-templated transcription",NA,NA,NA,NA,NA,NA,NA,NA,NA,1.91998621754475e-30,NA,NA,NA,NA,NA
"142","double-strand break repair",6.45374368329946e-05,NA,0.00086993377422302,NA,NA,NA,NA,1.50279615760731e-12,NA,3.02889778974024e-53,NA,NA,NA,NA,NA
"143","double-strand break repair via homologous recombination",5.71380466860643e-06,NA,8.68298352356128e-05,NA,NA,NA,NA,NA,NA,3.17867826826873e-83,NA,NA,NA,NA,NA
"144","double-strand break repair via nonhomologous end joining",NA,NA,NA,NA,NA,NA,NA,3.43810075219648e-14,NA,7.39117783620933e-22,NA,NA,NA,NA,NA
"145","embryonic digestive tract development",NA,NA,NA,NA,NA,NA,NA,NA,NA,NA,0.00406151147747678,2.13131399680292e-134,NA,0.00878193016897547,NA
"146","embryonic digit morphogenesis",NA,NA,NA,NA,NA,NA,NA,NA,2.57153808297149e-22,NA,NA,NA,NA,NA,NA
"147","embryonic organ development",NA,NA,NA,NA,NA,NA,NA,NA,NA,4.62421188225926e-14,NA,8.23051022986027e-09,NA,NA,NA
"148","endocytosis",NA,NA,NA,NA,NA,NA,NA,NA,6.24505609692015e-06,NA,NA,NA,NA,NA,NA
"149","endoplasmic reticulum calcium ion homeostasis",NA,NA,NA,NA,NA,NA,5.44715775965642e-74,NA,NA,NA,NA,NA,NA,NA,NA
"150","endothelial tube morphogenesis",NA,NA,NA,NA,NA,NA,NA,NA,NA,NA,0.00170937553346624,NA,NA,0.004611090833159,NA
"151","eosinophil chemotaxis",NA,NA,NA,NA,NA,NA,NA,NA,NA,NA,7.29410520252754e-36,NA,NA,1.76323372974533e-31,NA
"152","epidermal growth factor receptor signaling pathway",NA,NA,NA,NA,NA,NA,NA,7.55704799451517e-08,NA,NA,NA,NA,4.24694962330805e-27,NA,NA
"153","epithelial cell differentiation",NA,NA,NA,NA,NA,NA,NA,3.69891503182071e-05,NA,NA,NA,NA,NA,NA,NA
"154","epithelial cell proliferation",NA,NA,NA,NA,NA,NA,2.4686150683887e-25,5.8954945763691e-05,NA,NA,NA,5.0285824732368e-08,2.38004914294762e-17,NA,NA
"155","ERK1 and ERK2 cascade",NA,NA,NA,NA,NA,NA,NA,2.7807787908055e-11,NA,NA,NA,NA,1.79303925421397e-33,NA,NA
"156","establishment of localization in cell",NA,NA,NA,0.000263543010683059,NA,NA,1.84827663892292e-14,NA,NA,NA,NA,NA,1.63572537523899e-08,NA,NA
"157","execution phase of apoptosis",NA,NA,NA,NA,NA,NA,1.19582765921679e-133,NA,NA,NA,NA,NA,NA,NA,NA
"158","extrinsic apoptotic signaling pathway",3.88305975353054e-05,NA,0.000101185313208649,NA,NA,NA,1.05401679882352e-32,NA,NA,NA,NA,3.32343614203329e-74,7.20540558150475e-08,0.0265093534305431,NA
"159","extrinsic apoptotic signaling pathway in absence of ligand",NA,NA,NA,NA,NA,NA,0,NA,NA,NA,NA,NA,4.01420231805703e-16,NA,NA
"160","extrinsic apoptotic signaling pathway via death domain receptors",0.000515953054362549,NA,0.00197777818929013,NA,NA,NA,6.78946003735802e-68,NA,NA,NA,0.00294670324273589,3.15573024167799e-42,NA,0.00870712121479826,NA
"161","eye development",NA,NA,NA,NA,NA,NA,NA,NA,NA,NA,0.014662669240505,NA,NA,0.0291784308437708,NA
"162","fatty acid metabolic process",NA,NA,NA,NA,NA,1.96350683258395e-05,NA,NA,NA,NA,NA,NA,NA,NA,NA
"163","Fc-gamma receptor signaling pathway involved in phagocytosis",NA,NA,NA,NA,NA,NA,NA,NA,NA,NA,NA,NA,3.76001320075281e-42,NA,NA
"164","female pregnancy",NA,NA,NA,NA,NA,NA,NA,NA,NA,NA,NA,NA,7.25744894214936e-11,NA,NA
"165","fertilization",NA,NA,NA,NA,NA,NA,NA,NA,NA,NA,NA,NA,9.19622114422595e-12,NA,NA
"166","G protein-coupled receptor signaling pathway",NA,NA,NA,NA,NA,NA,NA,NA,NA,NA,NA,NA,0.020019504735363,NA,NA
"167","G1/S transition of mitotic cell cycle",0.000508758640906627,NA,0.00286648808612963,NA,NA,NA,NA,5.08221287425754e-07,NA,7.80384932997863e-06,NA,NA,3.46951900806929e-09,NA,NA
"168","G2/M transition of mitotic cell cycle",3.81290713418599e-09,NA,2.0358630313672e-08,NA,NA,NA,NA,NA,NA,NA,NA,NA,NA,NA,NA
"169","gamma-aminobutyric acid signaling pathway",NA,NA,NA,NA,NA,NA,NA,NA,NA,NA,0.0267801990692931,NA,NA,0.0109405467170293,NA
"170","ganglioside catabolic process",NA,NA,NA,NA,NA,NA,NA,NA,NA,NA,9.83105579936851e-14,NA,NA,1.54564446836694e-08,NA
"171","gene expression",NA,NA,NA,NA,NA,NA,NA,NA,NA,NA,NA,NA,2.27575933902256e-07,NA,NA
"172","glucose 6-phosphate metabolic process",NA,NA,NA,NA,NA,NA,NA,NA,3.67108719857435e-34,NA,NA,NA,NA,NA,NA
"173","glucose homeostasis",NA,0.031114040993323,NA,NA,NA,NA,NA,NA,NA,NA,NA,NA,NA,NA,NA
"174","glucose metabolic process",NA,NA,NA,NA,NA,NA,NA,2.01633229521874e-12,9.43323500955598e-19,NA,NA,NA,NA,NA,NA
"175","glycolipid biosynthetic process",NA,NA,NA,NA,NA,NA,NA,NA,NA,NA,0.0054725652484586,NA,NA,NA,NA
"176","glycolytic process",NA,0.000709224820787983,NA,NA,NA,NA,NA,0.00054544049038083,1.42107426834486e-09,NA,NA,NA,NA,NA,8.49389793134139e-06
"177","glycoprotein catabolic process",NA,NA,NA,NA,NA,NA,NA,NA,NA,NA,0.0129694988500727,NA,NA,0.0215450144729143,NA
"178","heart development",NA,NA,NA,NA,NA,NA,6.73162540177931e-09,NA,NA,NA,NA,1.15216161153077e-06,3.24775267745532e-05,NA,NA
"179","heterochromatin formation",NA,NA,NA,NA,NA,NA,NA,7.69144908026603e-12,NA,NA,NA,NA,5.8717093745355e-10,NA,NA
"180","high-density lipoprotein particle assembly",NA,NA,NA,NA,NA,NA,NA,NA,NA,NA,0.000123473842963972,NA,NA,0.000562194028403835,NA
"181","high-density lipoprotein particle remodeling",NA,NA,NA,NA,NA,NA,NA,NA,NA,NA,0.00389884294392644,8.09952836992436e-33,NA,0.0108327422863555,NA
"182","hippocampus development",NA,NA,NA,NA,NA,NA,NA,0.000135746392218143,NA,NA,NA,NA,8.39539325213042e-06,NA,NA
"183","humoral immune response",NA,NA,NA,NA,NA,NA,NA,NA,NA,NA,NA,7.11612532468607e-21,NA,NA,NA
"184","hydrogen peroxide catabolic process",NA,NA,NA,NA,NA,NA,NA,NA,2.36241084172985e-44,NA,NA,NA,NA,NA,NA
"185","immune response",NA,NA,NA,NA,NA,1.23987711875791e-12,NA,NA,NA,NA,3.04101186438556e-86,5.67978443111802e-22,3.87828830067187e-05,1.02421276012222e-87,NA
"186","immune response-activating cell surface receptor signaling pathway",NA,NA,NA,NA,NA,NA,NA,NA,NA,NA,0.00357033537321858,NA,NA,0.00881597661627556,NA
"187","immune response-inhibiting cell surface receptor signaling pathway",NA,NA,NA,NA,NA,4.96835076949598e-239,NA,NA,NA,NA,0.0458022167282579,NA,NA,NA,NA
"188","immune response-regulating signaling pathway",NA,NA,NA,NA,NA,NA,NA,NA,NA,NA,4.64031866204497e-267,NA,NA,7.93539054639437e-242,NA
"189","immune system process",NA,NA,NA,NA,NA,NA,NA,NA,NA,NA,4.71130133705765e-11,NA,NA,1.12598823366941e-08,NA
"190","in utero embryonic development",NA,NA,NA,NA,NA,NA,NA,NA,NA,0.0309372007390397,NA,0.00701973770794605,0.000831038862493436,NA,NA
"191","inflammatory response",NA,NA,NA,NA,NA,2.02676936570729e-08,NA,NA,NA,NA,0.000613835820689409,1.30059723449871e-41,1.88270579581119e-12,5.0319725410273e-05,NA
"192","innate immune response",6.48171855655445e-06,NA,4.63242812330941e-07,NA,NA,1.06006449554753e-05,NA,NA,NA,NA,NA,NA,NA,0.0121684787302713,NA
"193","insulin receptor signaling pathway",NA,NA,NA,NA,NA,NA,NA,1.7903614967215e-05,NA,NA,NA,NA,7.92445093937468e-19,NA,NA
"194","insulin-like growth factor receptor signaling pathway",NA,NA,NA,NA,NA,NA,NA,1.63645332858311e-22,NA,NA,NA,NA,NA,NA,NA
"195","integrated stress response signaling",NA,NA,NA,NA,NA,NA,NA,NA,4.54094326337693e-50,NA,NA,NA,NA,NA,NA
"196","integrin-mediated signaling pathway",NA,NA,NA,NA,NA,NA,NA,NA,NA,NA,NA,NA,0.000469261011302523,NA,NA
"197","interleukin-10-mediated signaling pathway",NA,NA,NA,NA,NA,NA,NA,NA,NA,NA,2.18010768611562e-17,NA,NA,9.26464632154654e-16,NA
"198","interstrand cross-link repair",2.8124034336099e-18,NA,5.97486550257677e-15,NA,NA,NA,NA,NA,NA,1.21394974905288e-51,NA,NA,NA,NA,NA
"199","intracellular calcium ion homeostasis",NA,NA,NA,NA,NA,NA,NA,NA,NA,NA,NA,1.6084662557025e-05,1.10036728877638e-06,NA,NA
"200","intracellular glucose homeostasis",NA,NA,NA,NA,NA,NA,NA,NA,9.26193966857383e-30,NA,NA,NA,NA,NA,NA
"201","intracellular iron ion homeostasis",NA,NA,NA,NA,NA,NA,NA,NA,NA,NA,NA,6.23015185999529e-07,NA,NA,NA
"202","intracellular signal transduction",NA,NA,NA,NA,NA,NA,NA,0.00411366299450124,NA,NA,NA,NA,7.01349950936541e-22,NA,NA
"203","intracellular steroid hormone receptor signaling pathway",NA,NA,NA,NA,NA,NA,NA,NA,NA,NA,NA,NA,1.03203360028154e-59,NA,NA
"204","intracellular zinc ion homeostasis",NA,NA,NA,NA,NA,NA,NA,NA,NA,NA,0.0471601419115755,NA,NA,NA,NA
"205","intraciliary transport",NA,7.44135791965176e-05,NA,NA,NA,NA,NA,NA,NA,NA,NA,NA,NA,NA,NA
"206","intrinsic apoptotic signaling pathway",7.08664918058562e-05,NA,0.000623012643575823,NA,NA,NA,2.64446902554428e-239,NA,NA,NA,NA,NA,1.27213816295668e-13,NA,NA
"207","intrinsic apoptotic signaling pathway by p53 class mediator",6.48171855655445e-06,NA,1.32008013344121e-05,NA,NA,NA,NA,NA,NA,NA,NA,NA,NA,NA,NA
"208","intrinsic apoptotic signaling pathway in response to DNA damage",5.71380466860643e-06,NA,1.32008013344121e-05,NA,NA,NA,1.07978918651668e-269,7.59511312980849e-06,NA,2.08299762495819e-08,NA,NA,1.09287371905656e-19,NA,NA
"209","intrinsic apoptotic signaling pathway in response to DNA damage by p53 class mediator",4.20371903618527e-09,NA,3.97117378241516e-08,NA,NA,NA,NA,NA,NA,NA,0.0302699172046927,NA,NA,NA,NA
"210","intrinsic apoptotic signaling pathway in response to endoplasmic reticulum stress",9.68318237086552e-05,NA,0.00039165503671458,NA,NA,NA,2.86578314056241e-69,NA,NA,NA,NA,NA,5.4502810089717e-15,NA,NA
"211","keratinocyte differentiation",NA,NA,NA,NA,NA,NA,NA,3.38762831304836e-11,NA,NA,NA,NA,NA,NA,NA
"212","kidney development",NA,NA,NA,NA,NA,NA,NA,NA,NA,NA,NA,NA,0.00798364346311607,NA,NA
"213","L-glutamate transmembrane transport",NA,NA,NA,NA,NA,NA,NA,NA,NA,NA,0.00666250921843804,NA,NA,NA,NA
"214","L-leucine catabolic process",NA,NA,NA,NA,NA,NA,NA,NA,NA,NA,0.00127655219274304,NA,NA,0.00310786196764844,NA
"215","L-leucine transport",NA,NA,NA,NA,NA,NA,NA,NA,NA,NA,0.0415444619947368,NA,NA,NA,NA
"216","lactation",NA,NA,NA,NA,NA,NA,NA,NA,NA,NA,NA,NA,8.40217971908188e-24,NA,NA
"217","layer formation in cerebral cortex",NA,NA,NA,NA,NA,NA,NA,NA,NA,NA,1.05323746481934e-08,NA,NA,5.02840681247444e-08,NA
"218","learning or memory",NA,NA,NA,NA,NA,NA,NA,NA,NA,NA,NA,3.80407934659819e-57,3.65856599797682e-10,0.00875771478852022,NA
"219","leukocyte cell-cell adhesion",NA,NA,NA,NA,NA,NA,NA,NA,NA,NA,NA,7.67521726177112e-13,NA,NA,NA
"220","leukocyte tethering or rolling",NA,NA,NA,NA,NA,NA,NA,NA,NA,NA,0.0100473211813368,3.83722288558793e-97,NA,0.0161924777030821,NA
"221","lipid homeostasis",NA,NA,NA,NA,NA,NA,NA,NA,NA,NA,NA,1.85494761502336e-09,NA,NA,NA
"222","lipid metabolic process",NA,NA,NA,NA,NA,NA,NA,NA,NA,NA,NA,NA,0.000201968471780632,NA,NA
"223","lipid transport",NA,NA,NA,NA,NA,NA,NA,NA,NA,NA,NA,9.12702941352418e-06,0.00727041126777565,NA,NA
"224","lipoprotein metabolic process",NA,NA,NA,NA,NA,NA,NA,NA,NA,NA,NA,8.34898761754464e-17,NA,NA,NA
"225","liver development",NA,NA,NA,NA,NA,NA,NA,NA,NA,NA,NA,NA,4.01364894023012e-12,NA,NA
"226","lung alveolus development",NA,NA,NA,NA,NA,NA,NA,5.11969776118164e-06,NA,NA,NA,NA,NA,NA,NA
"227","lysosomal transport",NA,NA,NA,NA,NA,NA,NA,NA,NA,NA,4.09640257864286e-08,NA,NA,3.19748444177947e-07,NA
"228","macromolecule depalmitoylation",NA,NA,NA,NA,NA,NA,NA,NA,NA,NA,1.10791525520091e-05,NA,NA,5.91250472595337e-05,NA
"229","male gonad development",NA,NA,NA,NA,NA,NA,3.63054157269528e-35,NA,NA,NA,NA,NA,2.60722117872188e-12,NA,NA
"230","mammary gland development",NA,NA,NA,NA,NA,NA,NA,NA,NA,NA,NA,NA,8.82859754174771e-14,NA,NA
"231","MAPK cascade",NA,NA,NA,NA,NA,NA,NA,5.48666533747234e-32,NA,NA,NA,NA,1.65136592067886e-26,NA,NA
"232","megakaryocyte development",NA,NA,NA,NA,NA,NA,NA,NA,NA,NA,0.00443877904017435,NA,NA,0.0107530105847815,NA
"233","megakaryocyte differentiation",NA,NA,NA,NA,NA,NA,NA,NA,NA,NA,2.48600966592664e-05,NA,NA,8.87783468984952e-05,NA
"234","meiosis I",NA,NA,NA,NA,NA,NA,NA,NA,NA,1.27608824630622e-101,1.74341142990902e-10,NA,NA,3.27075958618948e-09,NA
"235","meiotic cell cycle",0.0095401682982566,NA,0.00445581332966092,NA,NA,NA,NA,NA,NA,4.24030337502796e-31,NA,NA,NA,NA,NA
"236","microglial cell activation",NA,NA,NA,NA,NA,NA,NA,NA,NA,NA,4.86239938003886e-10,3.6853286744859e-160,NA,1.38248363609658e-08,NA
"237","microtubule cytoskeleton organization",NA,NA,NA,NA,NA,NA,NA,0.0116749853948142,NA,NA,NA,NA,NA,NA,NA
"238","microtubule polymerization",NA,3.61381373363744e-12,NA,NA,NA,NA,NA,NA,NA,NA,NA,NA,NA,NA,NA
"239","microtubule-based movement",0.0239911645807832,NA,NA,NA,NA,NA,NA,NA,NA,NA,NA,NA,NA,NA,NA
"240","mismatch repair",NA,NA,NA,NA,NA,NA,NA,NA,NA,2.42046028012875e-241,4.46131102158655e-07,NA,NA,4.0938320002047e-06,NA
"241","mitochondrial electron transport, NADH to ubiquinone",NA,NA,NA,NA,NA,NA,NA,NA,NA,NA,0.00186854190603592,NA,NA,0.00754059980645687,NA
"242","mitochondrial fusion",NA,NA,NA,NA,NA,NA,2.38941616247491e-127,NA,NA,NA,NA,NA,NA,NA,NA
"243","mitochondrial respiratory chain complex I assembly",NA,NA,NA,NA,NA,NA,NA,NA,NA,NA,0.00776129355818755,NA,NA,0.0238770977508879,NA
"244","mitochondrion organization",NA,NA,NA,NA,NA,NA,NA,NA,NA,NA,NA,NA,0.0051941477687024,NA,NA
"245","mitotic cell cycle",7.84004636088754e-10,NA,1.18978231744562e-08,NA,NA,NA,NA,NA,NA,NA,NA,NA,0.00769870298414475,NA,NA
"246","mitotic chromosome condensation",5.0680442431696e-10,NA,6.54426329961756e-08,NA,NA,NA,NA,NA,NA,NA,NA,NA,NA,NA,NA
"247","mitotic cytokinesis",0.000273709924329454,NA,0.00181542299532566,NA,NA,NA,NA,NA,NA,NA,NA,NA,NA,NA,NA
"248","mitotic G2/M transition checkpoint",NA,NA,NA,NA,NA,NA,NA,NA,NA,4.19042842992685e-52,NA,NA,NA,NA,NA
"249","mitotic intra-S DNA damage checkpoint signaling",NA,NA,NA,NA,NA,NA,NA,NA,NA,6.77167055484099e-269,0.00423601343786971,NA,NA,0.0118028359804884,NA
"250","mitotic sister chromatid segregation",3.5703294009825e-09,NA,8.97021929607929e-09,NA,NA,NA,NA,NA,NA,NA,NA,NA,NA,NA,NA
"251","mitotic spindle assembly",5.71380466860643e-06,NA,6.05306908043838e-06,NA,NA,NA,NA,NA,NA,NA,NA,NA,NA,NA,NA
"252","mitotic spindle assembly checkpoint signaling",1.32781687939258e-17,NA,6.53255850511972e-15,NA,NA,NA,NA,NA,NA,NA,NA,NA,NA,NA,NA
"253","mitotic spindle organization",2.13414504876912e-08,NA,1.31939057690507e-07,NA,NA,NA,NA,NA,NA,NA,NA,NA,NA,NA,NA
"254","modulation of chemical synaptic transmission",NA,NA,NA,NA,NA,NA,NA,NA,NA,NA,NA,NA,3.14181305984606e-09,NA,NA
"255","monoatomic ion transport",NA,NA,NA,NA,NA,NA,NA,NA,NA,NA,NA,NA,0.0348816982634169,NA,NA
"256","monocyte chemotaxis",NA,NA,NA,NA,NA,NA,NA,NA,NA,NA,2.64579460407366e-05,3.15689358181144e-11,NA,0.000149955078660145,NA
"257","mRNA export from nucleus",NA,NA,NA,NA,NA,NA,NA,0.0025175089204503,NA,NA,NA,NA,NA,NA,NA
"258","mRNA processing",NA,NA,NA,NA,NA,NA,NA,0.0341552860725469,NA,NA,NA,NA,NA,NA,NA
"259","mRNA splice site recognition",NA,NA,NA,NA,NA,NA,NA,NA,NA,NA,0.00922854322007747,NA,NA,NA,NA
"260","mRNA transport",NA,NA,NA,NA,NA,NA,NA,9.17155543306652e-05,NA,NA,NA,NA,NA,NA,NA
"261","multicellular organism growth",NA,NA,NA,NA,NA,NA,NA,NA,NA,1.32832617487258e-05,NA,NA,NA,NA,NA
"262","multicellular organismal-level iron ion homeostasis",NA,NA,NA,NA,NA,NA,NA,NA,NA,NA,NA,7.72300815006953e-18,NA,NA,NA
"263","myelination",NA,NA,NA,NA,NA,NA,NA,5.59265435939815e-07,NA,NA,NA,NA,4.74526764608718e-05,NA,NA
"264","myoblast differentiation",NA,NA,NA,NA,NA,NA,NA,NA,NA,NA,NA,NA,1.96289151943175e-19,NA,NA
"265","NAD-cap decapping",NA,NA,NA,NA,NA,NA,NA,NA,NA,NA,2.48600966592664e-05,NA,NA,0.000101445398877191,NA
"266","natural killer cell activation",NA,NA,NA,NA,NA,NA,NA,NA,NA,NA,3.71138947689328e-05,NA,3.65046592904502e-06,3.9430840193017e-05,NA
"267","natural killer cell mediated cytotoxicity",NA,NA,NA,NA,NA,NA,NA,NA,NA,NA,NA,NA,NA,0.00162685009233483,NA
"268","necroptotic signaling pathway",NA,NA,NA,NA,NA,NA,NA,NA,NA,NA,4.30431279610595e-09,3.14493231647691e-200,NA,3.57282454375299e-08,NA
"269","negative regulation of angiogenesis",NA,NA,NA,NA,NA,1.38807189846874e-76,NA,NA,NA,NA,NA,NA,0.000492086821538129,NA,NA
"270","negative regulation of anoikis",NA,NA,NA,NA,NA,NA,6.03068041636153e-62,NA,NA,NA,NA,NA,1.81079505969831e-26,NA,NA
"271","negative regulation of apoptotic process",NA,NA,NA,NA,NA,NA,2.08336955006375e-37,4.85594130244631e-07,NA,NA,NA,0.0135931325001889,7.70000928921166e-18,NA,NA
"272","negative regulation of apoptotic signaling pathway",NA,NA,NA,NA,NA,NA,1.81485207316024e-26,2.21615210534096e-14,NA,NA,NA,5.72377698941147e-47,5.43718598695521e-12,NA,NA
"273","negative regulation of autophagy",NA,NA,NA,NA,NA,NA,3.66455947410692e-31,NA,1.30526329572069e-12,NA,NA,NA,5.56065220365778e-07,NA,NA
"274","negative regulation of blood vessel endothelial cell migration",NA,NA,NA,NA,NA,NA,NA,NA,NA,NA,3.55103437496365e-06,7.89129461029294e-94,5.73340173825461e-08,3.004259373017e-05,NA
"275","negative regulation of canonical NF-kappaB signal transduction",0.00785060634235783,NA,0.0170291004549845,NA,NA,NA,NA,NA,NA,NA,NA,NA,NA,NA,NA
"276","negative regulation of canonical Wnt signaling pathway",NA,NA,NA,NA,NA,NA,NA,7.51368538839292e-08,NA,NA,NA,NA,0.000110289280520674,NA,NA
"277","negative regulation of cardiac muscle cell apoptotic process",NA,NA,NA,NA,NA,NA,NA,NA,NA,NA,0.013179031672358,NA,NA,0.0281287108476191,NA
"278","negative regulation of cell growth",NA,NA,NA,NA,NA,NA,NA,8.45520739617239e-07,NA,NA,NA,NA,5.73553341351283e-09,NA,NA
"279","negative regulation of cell migration",NA,NA,NA,NA,NA,NA,NA,0.0385222695907287,NA,NA,NA,NA,0.000171103193896249,NA,NA
"280","negative regulation of cell population proliferation",NA,NA,NA,NA,NA,NA,6.14751481636218e-07,7.52305493994503e-08,NA,NA,NA,0.000672784179749241,4.67362307020418e-15,NA,NA
"281","negative regulation of cysteine-type endopeptidase activity involved in apoptotic process",NA,NA,NA,NA,NA,NA,NA,NA,NA,NA,NA,1.31354416770525e-76,NA,NA,NA
"282","negative regulation of cytokine production",NA,NA,NA,NA,NA,NA,NA,NA,NA,NA,0.0357212356034894,NA,NA,0.0172484608164689,NA
"283","negative regulation of dendritic cell differentiation",NA,NA,NA,NA,NA,0,NA,NA,NA,NA,NA,NA,NA,NA,NA
"284","negative regulation of DNA-binding transcription factor activity",NA,NA,NA,NA,NA,NA,NA,6.22944365110286e-07,NA,NA,NA,NA,5.33792531982092e-16,NA,NA
"285","negative regulation of DNA-templated transcription",NA,NA,NA,NA,NA,NA,NA,5.64910837980138e-10,NA,0.025330593042203,NA,1.60292977336422e-06,0.000935649948319015,NA,NA
"286","negative regulation of endothelial cell apoptotic process",NA,NA,NA,NA,NA,NA,NA,2.11525422753865e-14,NA,NA,NA,NA,NA,NA,NA
"287","negative regulation of endothelial cell proliferation",NA,NA,NA,NA,NA,NA,NA,NA,NA,NA,NA,5.49871625327007e-15,1.42522992319211e-11,NA,NA
"288","negative regulation of extrinsic apoptotic signaling pathway in absence of ligand",NA,NA,NA,NA,NA,NA,7.09007253063262e-53,NA,NA,NA,NA,2.54096600603265e-48,4.62521559951085e-07,NA,NA
"289","negative regulation of fat cell differentiation",NA,NA,NA,NA,NA,NA,NA,NA,NA,NA,NA,6.13263570204201e-85,2.22181680358629e-07,NA,NA
"290","negative regulation of fibroblast proliferation",NA,NA,NA,NA,NA,NA,NA,1.57427174188891e-10,NA,NA,NA,NA,NA,NA,NA
"291","negative regulation of G0 to G1 transition",NA,NA,NA,NA,NA,0,NA,NA,NA,NA,NA,NA,NA,NA,NA
"292","negative regulation of G1/S transition of mitotic cell cycle",NA,NA,NA,NA,NA,NA,NA,3.51357427753345e-06,NA,NA,NA,NA,7.37026778958285e-21,NA,NA
"293","negative regulation of gene expression",NA,NA,NA,NA,NA,NA,2.70435065125842e-05,1.29722750858753e-41,0.0350675106960292,NA,NA,1.39644261409962e-33,6.46720555927241e-29,NA,NA
"294","negative regulation of gene expression, epigenetic",NA,NA,NA,NA,NA,NA,NA,3.28449540746863e-12,NA,NA,NA,NA,NA,NA,NA
"295","negative regulation of immune response",NA,NA,NA,NA,NA,0,NA,NA,NA,NA,NA,NA,NA,NA,NA
"296","negative regulation of inflammatory response",NA,NA,NA,NA,NA,NA,NA,7.21094565289165e-08,NA,NA,NA,8.45626271327464e-13,9.65693404228703e-10,NA,NA
"297","negative regulation of interleukin-10 production",NA,NA,NA,NA,NA,NA,NA,NA,NA,NA,3.57153134442289e-08,3.5432484999059e-93,NA,1.07375455048205e-08,NA
"298","negative regulation of interleukin-12 production",NA,NA,NA,NA,NA,NA,NA,NA,NA,NA,0.00389884294392644,NA,NA,0.00997785259190668,NA
"299","negative regulation of interleukin-2 production",NA,NA,NA,NA,NA,NA,NA,NA,NA,NA,0.00863417960884797,NA,NA,0.0190099708761653,NA
"300","negative regulation of interleukin-6 production",NA,NA,NA,NA,NA,NA,NA,NA,NA,NA,NA,8.17776706578718e-75,NA,NA,NA
"301","negative regulation of intrinsic apoptotic signaling pathway",NA,NA,NA,NA,NA,NA,NA,NA,NA,NA,NA,NA,6.05614131941615e-18,NA,NA
"302","negative regulation of lipid catabolic process",NA,NA,NA,NA,NA,NA,NA,NA,NA,NA,0.0162638251397461,2.71143683282807e-87,NA,0.0277744952101956,NA
"303","negative regulation of lipopolysaccharide-mediated signaling pathway",NA,NA,NA,NA,NA,NA,NA,NA,NA,NA,2.26793104216363e-06,NA,NA,1.49545898934223e-05,NA
"304","negative regulation of long-term synaptic potentiation",NA,NA,NA,NA,NA,NA,NA,NA,NA,NA,0.0142772494614938,4.96302696905116e-118,NA,0.0283134159631751,NA
"305","negative regulation of miRNA transcription",NA,NA,NA,NA,NA,NA,NA,1.03082364122753e-33,NA,NA,1.00288462038673e-08,2.64997664334175e-94,7.51140134273463e-08,1.56552654968803e-07,NA
"306","negative regulation of mitotic cell cycle",NA,NA,NA,NA,NA,NA,NA,1.29895857231029e-17,NA,NA,NA,1.21220157162019e-27,2.23857101900227e-33,NA,NA
"307","negative regulation of natural killer cell mediated cytotoxicity",NA,NA,NA,NA,NA,3.2186632746119e-70,NA,NA,NA,NA,5.69938621349298e-07,NA,NA,6.2004051990533e-06,NA
"308","negative regulation of neurogenesis",NA,NA,NA,NA,NA,NA,NA,NA,NA,NA,NA,3.09917234795405e-75,NA,NA,NA
"309","negative regulation of neuron apoptotic process",NA,NA,NA,NA,NA,NA,2.65387866117786e-14,9.38132857433777e-07,NA,NA,NA,NA,1.23253753766427e-43,NA,NA
"310","negative regulation of neuron projection development",NA,NA,NA,NA,NA,NA,NA,NA,NA,NA,NA,NA,8.57862399582051e-10,NA,NA
"311","negative regulation of osteoclast differentiation",NA,NA,NA,NA,NA,NA,NA,NA,NA,NA,0.0077318776382301,NA,NA,0.0185165623999903,NA
"312","negative regulation of phosphatidylinositol 3-kinase/protein kinase B signal transduction",NA,NA,NA,NA,NA,3.73724159679037e-99,NA,NA,NA,NA,NA,NA,2.95003084055314e-05,NA,NA
"313","negative regulation of phosphoprotein phosphatase activity",NA,NA,NA,NA,NA,NA,NA,NA,NA,NA,2.09009049415728e-05,NA,NA,2.9311972268258e-06,NA
"314","negative regulation of proteasomal ubiquitin-dependent protein catabolic process",NA,NA,NA,NA,NA,NA,NA,NA,NA,NA,0.0231096621861472,NA,NA,NA,NA
"315","negative regulation of protein catabolic process",NA,NA,NA,NA,NA,NA,NA,NA,NA,NA,NA,NA,4.88910100787218e-09,NA,NA
"316","negative regulation of protein kinase activity",NA,NA,NA,NA,NA,NA,NA,3.69891503182071e-05,NA,NA,NA,NA,NA,NA,NA
"317","negative regulation of protein phosphorylation",NA,NA,NA,NA,NA,NA,NA,NA,NA,NA,NA,NA,8.36738500644827e-08,NA,NA
"318","negative regulation of proteolysis",NA,NA,NA,NA,NA,NA,NA,NA,NA,NA,0.00490354319197991,NA,NA,0.0117669107244691,NA
"319","negative regulation of reactive oxygen species metabolic process",NA,NA,NA,NA,NA,NA,1.29308037802236e-57,3.70165022705818e-10,NA,NA,NA,NA,2.23044585163102e-13,NA,NA
"320","negative regulation of release of cytochrome c from mitochondria",NA,NA,NA,NA,NA,NA,4.71399068716367e-87,NA,NA,NA,NA,NA,NA,NA,NA
"321","negative regulation of signal transduction",NA,NA,NA,NA,NA,NA,NA,NA,NA,NA,NA,NA,NA,0.0281287108476191,NA
"322","negative regulation of smooth muscle cell proliferation",NA,NA,NA,NA,NA,NA,NA,NA,NA,NA,0.042457509923727,NA,NA,NA,NA
"323","negative regulation of stem cell population maintenance",NA,NA,NA,NA,NA,NA,NA,1.84095444238507e-10,NA,NA,NA,NA,NA,NA,NA
"324","negative regulation of T cell mediated cytotoxicity",NA,NA,NA,NA,NA,6.34668967844389e-251,NA,NA,NA,NA,NA,NA,NA,NA,NA
"325","negative regulation of T cell proliferation",NA,NA,NA,NA,NA,6.44273831537203e-106,NA,NA,NA,NA,NA,NA,NA,NA,NA
"326","negative regulation of toll-like receptor signaling pathway",NA,NA,NA,NA,NA,NA,NA,NA,NA,NA,0.0155123186663029,NA,NA,0.0317404011909616,NA
"327","negative regulation of transcription by RNA polymerase II",NA,NA,NA,NA,NA,NA,0.0402230455768952,9.0008934405858e-37,0.000421491688142716,NA,NA,1.76249433972547e-05,7.12231848784578e-06,NA,NA
"328","negative regulation of transcription elongation by RNA polymerase II",NA,NA,NA,NA,NA,NA,NA,NA,NA,NA,NA,NA,NA,0.0172484608164689,NA
"329","negative regulation of transforming growth factor beta receptor signaling pathway",NA,NA,NA,NA,NA,NA,NA,3.35445497577676e-10,NA,NA,NA,NA,3.71355782272109e-05,NA,NA
"330","negative regulation of translation",NA,NA,NA,NA,NA,NA,NA,0.0362999826232863,NA,NA,NA,NA,NA,NA,NA
"331","negative regulation of tumor necrosis factor production",NA,NA,NA,NA,NA,NA,NA,NA,NA,NA,1.42960728463468e-05,NA,NA,7.42617768790761e-06,NA
"332","negative regulation of viral entry into host cell",NA,NA,NA,NA,NA,NA,NA,NA,NA,NA,0.0066693108986432,NA,NA,NA,NA
"333","negative regulation of viral genome replication",NA,NA,NA,NA,NA,NA,NA,NA,NA,NA,NA,1.67557401723112e-60,NA,NA,NA
"334","negative regulation of viral transcription",NA,NA,NA,NA,NA,NA,NA,NA,NA,NA,0.0266843655288089,NA,NA,NA,NA
"335","nervous system development",NA,NA,NA,NA,NA,NA,NA,NA,NA,NA,NA,NA,5.56065220365778e-07,NA,NA
"336","neural crest cell development",NA,NA,NA,NA,NA,NA,NA,NA,NA,NA,NA,NA,2.24745250924294e-15,NA,NA
"337","neural tube closure",0.00260022339858203,NA,0.00661865512967597,NA,NA,NA,NA,NA,NA,NA,NA,NA,NA,NA,NA
"338","neuron apoptotic process",NA,NA,NA,NA,NA,NA,4.02406779618286e-113,3.68526011474058e-10,NA,NA,NA,NA,8.48102956873601e-51,NA,NA
"339","neuron development",NA,NA,NA,NA,NA,NA,NA,NA,NA,NA,0.000661966450735239,NA,NA,0.00319270849369027,NA
"340","neuron differentiation",NA,NA,NA,NA,NA,NA,NA,0.00156269571069821,NA,NA,NA,NA,3.5322689252746e-07,NA,NA
"341","neuron migration",NA,NA,NA,NA,NA,NA,NA,NA,NA,NA,NA,NA,8.94017075327459e-05,NA,NA
"342","neuron projection development",NA,NA,NA,NA,NA,NA,NA,NA,NA,NA,NA,1.81364603453447e-23,1.34895735498886e-05,NA,NA
"343","neuron projection morphogenesis",NA,NA,NA,NA,NA,NA,NA,NA,NA,NA,NA,NA,9.09565192322398e-06,NA,NA
"344","neutrophil activation",NA,NA,NA,NA,NA,NA,NA,NA,NA,NA,1.72197830840252e-06,3.91606804433907e-11,NA,1.7777560334393e-05,NA
"345","NK T cell activation",NA,NA,NA,NA,NA,NA,NA,NA,NA,NA,1.85416335518767e-07,NA,NA,1.60508245804457e-06,NA
"346","Notch signaling pathway",NA,NA,NA,NA,NA,NA,NA,0.000332353897442936,NA,NA,NA,NA,NA,NA,NA
"347","nuclear-transcribed mRNA catabolic process, nonsense-mediated decay",NA,NA,NA,NA,NA,NA,NA,6.40432154914072e-06,NA,NA,NA,NA,NA,NA,NA
"348","nuclear-transcribed mRNA poly(A) tail shortening",NA,NA,NA,NA,NA,NA,NA,NA,NA,NA,0.00014053339399734,NA,NA,0.000448357615361702,NA
"349","nucleosome assembly",NA,NA,NA,NA,NA,NA,NA,NA,NA,NA,NA,NA,0.0278564303411588,NA,NA
"350","nucleotide-excision repair",0.000234397768667914,NA,0.00104076564323153,NA,NA,NA,NA,NA,NA,0,0.0236326532128408,3.10634365890217e-08,NA,NA,NA
"351","odontogenesis of dentin-containing tooth",NA,NA,NA,NA,NA,NA,NA,NA,NA,NA,NA,NA,2.28201149142084e-22,NA,NA
"352","oligodendrocyte differentiation",NA,NA,NA,NA,NA,NA,NA,1.44111037005547e-09,NA,NA,NA,NA,NA,NA,NA
"353","oligosaccharide catabolic process",NA,NA,NA,NA,NA,NA,NA,NA,NA,NA,1.83450199953481e-09,NA,NA,5.30892650104858e-07,NA
"354","ossification",NA,NA,NA,NA,NA,NA,NA,NA,NA,NA,NA,NA,6.61417739757238e-05,NA,NA
"355","osteoblast differentiation",NA,NA,NA,NA,NA,NA,NA,0.000153774159106425,NA,NA,NA,NA,NA,NA,NA
"356","osteoclast differentiation",NA,NA,NA,NA,NA,NA,NA,NA,NA,NA,0.000137244429016324,NA,NA,0.000654111660534944,NA
"357","ovarian follicle development",NA,NA,NA,NA,NA,NA,4.25232741869571e-87,NA,NA,NA,NA,NA,1.25306386857239e-21,NA,NA
"358","pattern recognition receptor signaling pathway",9.64592448458738e-12,NA,3.21731490174565e-12,NA,NA,NA,NA,NA,NA,NA,NA,NA,NA,NA,NA
"359","peptide antigen assembly with MHC class II protein complex",NA,NA,NA,NA,NA,NA,NA,NA,NA,NA,4.32916307645093e-43,8.53668524010039e-05,NA,4.23729800387901e-39,NA
"360","peptide cross-linking",NA,NA,NA,NA,NA,NA,NA,NA,NA,NA,2.3175976688573e-07,NA,NA,7.67035754626878e-08,NA
"361","peptide hormone processing",NA,NA,NA,NA,NA,NA,NA,NA,NA,NA,NA,NA,NA,0.00372126354538401,NA
"362","peptide transport",NA,NA,NA,NA,NA,NA,NA,NA,NA,NA,1.5892450631745e-14,NA,NA,1.24894667641001e-12,NA
"363","peptidyl-serine phosphorylation",NA,NA,NA,NA,NA,NA,NA,5.74077304096813e-19,NA,NA,NA,NA,3.14820528558843e-08,NA,NA
"364","peptidyl-threonine phosphorylation",NA,NA,NA,NA,NA,NA,NA,3.65602772960609e-06,NA,NA,NA,NA,NA,0.0189862345413631,NA
"365","peptidyl-tyrosine autophosphorylation",NA,NA,NA,NA,NA,NA,NA,NA,NA,NA,0.00466957642591922,NA,2.6780040707424e-23,0.0101689641315637,NA
"366","peptidyl-tyrosine phosphorylation",NA,NA,NA,NA,NA,NA,NA,NA,NA,NA,NA,NA,1.30611055128083e-35,NA,NA
"367","phagocytosis",NA,NA,NA,NA,NA,NA,NA,NA,NA,NA,NA,NA,2.28058268714588e-10,NA,NA
"368","phosphatidylcholine acyl-chain remodeling",NA,NA,NA,NA,NA,NA,NA,NA,NA,NA,5.18886715619049e-06,NA,NA,1.59497320563629e-05,NA
"369","phosphatidylcholine biosynthetic process",NA,NA,NA,NA,NA,NA,NA,NA,NA,NA,0.000613835820689409,NA,NA,0.042792621403077,NA
"370","phosphatidylcholine metabolic process",NA,NA,NA,NA,NA,NA,NA,NA,NA,NA,NA,2.98219469124444e-50,NA,NA,NA
"371","phosphatidylethanolamine biosynthetic process",NA,NA,NA,NA,NA,NA,NA,NA,NA,NA,0.0266843655288089,NA,NA,NA,NA
"372","phosphatidylinositol 3-kinase/protein kinase B signal transduction",NA,NA,NA,NA,NA,NA,NA,NA,1.35824172551385e-11,NA,NA,NA,2.68930343324264e-53,NA,NA
"373","phosphatidylinositol acyl-chain remodeling",NA,NA,NA,NA,NA,NA,NA,NA,NA,NA,4.91272750122272e-05,NA,NA,0.000161476136588694,NA
"374","phosphatidylinositol biosynthetic process",NA,NA,NA,NA,NA,NA,NA,NA,NA,NA,0.000613835820689409,NA,NA,0.00224043060457539,NA
"375","phosphatidylinositol phosphate biosynthetic process",NA,NA,NA,NA,NA,NA,NA,NA,NA,NA,NA,NA,7.34958150475996e-08,NA,NA
"376","phosphatidylinositol-3-phosphate biosynthetic process",NA,NA,NA,NA,NA,NA,NA,NA,3.06584848623977e-58,NA,NA,NA,2.74836459315464e-32,NA,NA
"377","phospholipase C-activating G protein-coupled receptor signaling pathway",NA,NA,NA,NA,NA,NA,NA,NA,NA,NA,NA,NA,1.27597903290056e-29,NA,NA
"378","phospholipid biosynthetic process",NA,NA,NA,NA,NA,NA,NA,NA,NA,NA,2.88121233810634e-05,NA,NA,0.0303837368654236,NA
"379","phospholipid metabolic process",NA,NA,NA,NA,NA,NA,NA,NA,NA,NA,1.83450199953481e-09,NA,NA,4.26636852125081e-08,NA
"380","phosphorylation",NA,NA,NA,NA,NA,NA,NA,NA,NA,NA,NA,NA,1.50345661404237e-12,NA,NA
"381","phototransduction",NA,NA,NA,NA,NA,NA,NA,NA,NA,NA,0.000613835820689409,NA,NA,0.00224043060457539,NA
"382","platelet activation",NA,NA,NA,NA,NA,NA,NA,NA,NA,NA,NA,NA,4.66264147759144e-05,NA,NA
"383","platelet formation",NA,NA,NA,NA,NA,NA,NA,NA,NA,NA,0.00736008362730506,NA,NA,0.0171805147673755,NA
"384","positive chemotaxis",NA,NA,NA,NA,NA,NA,NA,NA,NA,NA,NA,NA,NA,0.000135667666892627,NA
"385","positive regulation of actin filament polymerization",6.3351963852229e-06,NA,6.9482141065783e-06,NA,NA,NA,NA,NA,NA,NA,NA,NA,NA,NA,NA
"386","positive regulation of activated T cell proliferation",NA,NA,NA,NA,NA,NA,NA,NA,NA,NA,0.00389884294392644,1.56223469794391e-106,NA,0.0432918787832139,NA
"387","positive regulation of amyloid-beta formation",NA,NA,NA,NA,NA,NA,NA,NA,NA,NA,0.0153027911229301,8.2626864637319e-117,NA,2.62846926945371e-06,NA
"388","positive regulation of angiogenesis",NA,NA,NA,NA,NA,NA,NA,0.000451969664681656,9.29397379852809e-06,NA,NA,0.000464550306159447,3.65369240255628e-08,NA,NA
"389","positive regulation of apoptotic process",0.0199925340058831,NA,0.0279957501978396,NA,NA,NA,1.42889933438681e-77,NA,NA,NA,NA,3.10624456325653e-17,3.3039855975011e-08,NA,NA
"390","positive regulation of axonogenesis",NA,NA,NA,NA,NA,NA,NA,1.60796234717428e-07,NA,NA,NA,NA,NA,NA,NA
"391","positive regulation of blood vessel endothelial cell migration",NA,NA,NA,NA,NA,NA,NA,5.40089973249672e-15,NA,NA,NA,NA,5.40638410766775e-19,NA,NA
"392","positive regulation of calcineurin-NFAT signaling cascade",NA,NA,NA,NA,NA,NA,NA,NA,NA,NA,6.28464380721326e-05,6.15477642602884e-95,NA,0.0178368929506007,NA
"393","positive regulation of calcium ion transport",NA,NA,NA,NA,NA,NA,NA,NA,NA,NA,4.48506338389658e-07,NA,NA,6.43013698116685e-07,NA
"394","positive regulation of canonical NF-kappaB signal transduction",4.90136913499354e-13,NA,5.10928253843897e-12,NA,NA,NA,3.02228956323305e-17,NA,NA,NA,0.0188905795733048,3.3494693512207e-19,4.87546848208883e-07,NA,NA
"395","positive regulation of canonical Wnt signaling pathway",NA,NA,NA,NA,NA,NA,NA,1.29548127170785e-21,NA,NA,NA,NA,0.000485653448628355,NA,NA
"396","positive regulation of cardiac muscle cell proliferation",NA,NA,NA,NA,NA,NA,NA,6.00237116633845e-23,NA,NA,NA,NA,NA,NA,NA
"397","positive regulation of cell adhesion",NA,NA,NA,NA,NA,NA,NA,NA,NA,NA,NA,7.16095129310612e-59,3.46089725110539e-05,NA,NA
"398","positive regulation of cell cycle",NA,NA,NA,NA,NA,NA,NA,NA,NA,NA,NA,4.00310732129506e-11,NA,NA,NA
"399","positive regulation of cell growth",NA,NA,NA,NA,NA,NA,NA,0.000105827933302149,NA,NA,NA,NA,0.000810020333252037,NA,NA
"400","positive regulation of cell migration",NA,NA,NA,NA,NA,NA,NA,0.00268791180239571,NA,NA,4.09640257864286e-08,5.60260335868471e-06,6.87600137012004e-23,3.7387372523106e-07,NA
"401","positive regulation of cell population proliferation",NA,NA,NA,NA,NA,NA,NA,1.1333571747609e-05,NA,NA,NA,NA,1.84785415947481e-22,NA,NA
"402","positive regulation of cellular senescence",NA,NA,NA,NA,NA,4.1217652531284e-158,NA,NA,NA,NA,4.98114199697764e-10,NA,NA,1.30349789808501e-08,NA
"403","positive regulation of chemokine production",NA,NA,NA,NA,NA,NA,NA,NA,NA,NA,1.34826086077752e-07,1.64055954717101e-214,NA,2.06365693093361e-06,NA
"404","positive regulation of cholesterol efflux",NA,NA,NA,NA,NA,NA,NA,NA,NA,NA,NA,3.16935929462981e-30,NA,NA,NA
"405","positive regulation of collagen biosynthetic process",NA,NA,NA,NA,NA,NA,NA,NA,NA,NA,NA,NA,2.86155516205456e-49,NA,NA
"406","positive regulation of cyclin-dependent protein serine/threonine kinase activity",NA,NA,NA,NA,NA,NA,NA,NA,NA,NA,NA,NA,NA,2.24502083656797e-06,NA
"407","positive regulation of cysteine-type endopeptidase activity involved in apoptotic process",1.05475210713682e-05,NA,8.97409894195913e-05,NA,NA,NA,NA,NA,NA,NA,0.000555415112314131,4.54256918832746e-73,NA,0.00169271093617399,NA
"408","positive regulation of cytokine production",NA,NA,NA,NA,NA,NA,NA,0.00388072319304452,NA,NA,6.17166155814415e-05,5.02881145740015e-45,0.00048396243805592,0.000374948657198526,NA
"409","positive regulation of cytokine production involved in inflammatory response",NA,NA,NA,NA,NA,NA,NA,NA,NA,NA,0.000321088491661953,8.86572208553375e-132,NA,0.00091053840320242,NA
"410","positive regulation of cytokine-mediated signaling pathway",NA,NA,NA,NA,NA,NA,NA,NA,NA,NA,2.86312780826058e-08,NA,NA,2.74666619331414e-07,NA
"411","positive regulation of cytosolic calcium ion concentration",NA,NA,NA,NA,NA,NA,NA,NA,NA,NA,NA,0.00101044805384358,1.81079505969831e-26,NA,NA
"412","positive regulation of defense response to virus by host",7.84004636088754e-10,NA,7.34991891273148e-08,NA,NA,NA,NA,NA,NA,NA,NA,NA,NA,NA,NA
"413","positive regulation of DNA repair",NA,NA,NA,NA,NA,NA,NA,0.000134125718179505,NA,8.1599898411307e-07,NA,NA,NA,NA,NA
"414","positive regulation of DNA-binding transcription factor activity",5.46382733759438e-05,NA,1.83502219327748e-05,NA,NA,NA,NA,NA,NA,NA,1.0367971715645e-05,1.1312080059511e-48,7.23438650981778e-14,0.000287878603645279,NA
"415","positive regulation of DNA-templated transcription",NA,NA,NA,NA,NA,NA,NA,6.01005723290566e-14,0.00837579633471241,NA,NA,2.03097213556261e-13,5.75538649597258e-14,NA,NA
"416","positive regulation of endocytosis",NA,NA,NA,NA,NA,NA,NA,NA,NA,NA,0.0279870525323219,NA,NA,NA,NA
"417","positive regulation of endothelial cell apoptotic process",NA,NA,NA,NA,NA,1.77481880660582e-211,NA,NA,NA,NA,NA,NA,7.06957756488807e-11,NA,NA
"418","positive regulation of endothelial cell chemotaxis",NA,NA,NA,NA,NA,NA,NA,NA,NA,NA,NA,NA,3.01018317992293e-27,NA,NA
"419","positive regulation of endothelial cell migration",NA,NA,NA,NA,NA,NA,NA,NA,NA,NA,NA,NA,9.89574332362837e-24,NA,NA
"420","positive regulation of endothelial cell proliferation",NA,NA,NA,NA,NA,NA,NA,NA,NA,NA,NA,NA,2.56824967817066e-13,NA,NA
"421","positive regulation of epithelial cell proliferation",NA,NA,NA,NA,NA,NA,NA,2.1349579473232e-07,NA,NA,NA,1.62904559640828e-12,6.84023862213025e-17,NA,NA
"422","positive regulation of epithelial to mesenchymal transition",NA,NA,NA,NA,NA,NA,NA,NA,NA,NA,NA,NA,1.27465172989436e-12,NA,NA
"423","positive regulation of ERAD pathway",NA,NA,NA,NA,NA,NA,NA,NA,NA,NA,0.000162011856628724,NA,NA,0.000682180541022155,NA
"424","positive regulation of ERK1 and ERK2 cascade",NA,NA,NA,NA,NA,NA,NA,0.00388072319304452,NA,NA,NA,1.10310458721021e-75,2.89113239610416e-24,NA,NA
"425","positive regulation of extrinsic apoptotic signaling pathway",1.81284660603124e-05,NA,5.89283849395657e-05,NA,NA,NA,1.06978177925298e-27,NA,NA,NA,1.09947566247812e-06,5.7788258262254e-47,NA,9.026029534977e-06,NA
"426","positive regulation of fibroblast proliferation",NA,NA,NA,NA,NA,NA,NA,1.71632992557983e-08,NA,NA,NA,3.3450583947175e-24,1.81884732709433e-41,NA,NA
"427","positive regulation of gene expression",NA,NA,NA,NA,NA,NA,NA,1.01299514610896e-34,NA,NA,NA,8.71572555728447e-21,3.14181305984606e-09,NA,NA
"428","positive regulation of GTPase activity",NA,NA,NA,NA,NA,NA,NA,0.00726055008469337,NA,NA,NA,NA,5.09918347382924e-13,NA,NA
"429","positive regulation of heterotypic cell-cell adhesion",NA,NA,NA,NA,NA,NA,NA,NA,NA,NA,3.72377815949997e-11,6.75478592375265e-226,NA,9.25861959625675e-10,NA
"430","positive regulation of immune response",NA,NA,NA,NA,NA,NA,NA,NA,NA,NA,7.61969611629477e-34,0.000458463149892227,NA,3.7835191925311e-30,NA
"431","positive regulation of inflammatory response",0.00849396798908447,NA,0.00104207451021686,NA,NA,NA,NA,NA,NA,NA,2.2435805222809e-06,4.77965842916753e-40,6.53224989928668e-05,4.7935808742357e-05,NA
"432","positive regulation of interleukin-1 beta production",0.00608751863376042,NA,0.00136890386471202,NA,NA,NA,NA,NA,NA,NA,3.20505921858526e-11,3.81663464588615e-128,NA,1.92681819036955e-09,NA
"433","positive regulation of interleukin-10 production",NA,NA,NA,NA,NA,NA,NA,NA,NA,NA,NA,NA,2.94837233351848e-10,NA,NA
"434","positive regulation of interleukin-12 production",NA,NA,NA,NA,NA,8.78067284524503e-132,NA,NA,NA,NA,1.06229428999333e-05,1.14955133176702e-37,NA,9.13491541823193e-05,NA
"435","positive regulation of interleukin-17 production",NA,NA,NA,NA,NA,NA,NA,NA,NA,NA,NA,2.16093006537181e-30,NA,NA,NA
"436","positive regulation of interleukin-2 production",NA,NA,NA,NA,NA,NA,NA,NA,NA,NA,NA,NA,2.04878099280606e-25,NA,NA
"437","positive regulation of interleukin-4 production",NA,NA,NA,NA,NA,NA,NA,NA,NA,NA,NA,NA,3.58062790338384e-12,NA,NA
"438","positive regulation of interleukin-6 production",NA,NA,NA,NA,NA,NA,NA,NA,NA,NA,1.19133806582592e-11,5.06228296557841e-109,NA,8.07666684807779e-10,NA
"439","positive regulation of interleukin-8 production",0.0141572967816442,NA,0.00348579704574772,NA,NA,NA,NA,NA,NA,NA,NA,3.53012406021375e-45,4.30312451402499e-05,NA,NA
"440","positive regulation of intrinsic apoptotic signaling pathway",NA,NA,NA,NA,NA,NA,NA,NA,NA,NA,NA,NA,4.76185300726089e-12,NA,NA
"441","positive regulation of JNK cascade",NA,NA,NA,NA,NA,NA,NA,0.0022909018589774,NA,NA,NA,1.45901128641437e-35,0.000446393540037516,NA,NA
"442","positive regulation of JUN kinase activity",NA,NA,NA,NA,NA,NA,NA,NA,NA,NA,0.0020704644688724,8.64876756825007e-113,NA,0.000627553073356768,NA
"443","positive regulation of macrophage cytokine production",NA,NA,NA,NA,NA,9.70881208561654e-259,NA,NA,NA,NA,NA,NA,NA,NA,NA
"444","positive regulation of MAP kinase activity",NA,NA,NA,NA,NA,NA,NA,3.46509888126916e-14,NA,NA,NA,4.13059073362378e-60,1.04643118142096e-34,NA,NA
"445","positive regulation of MAPK cascade",NA,NA,NA,NA,NA,NA,NA,4.72478112007863e-09,NA,NA,NA,2.95122878156808e-40,8.48023438315193e-09,NA,NA
"446","positive regulation of miRNA transcription",NA,NA,NA,NA,NA,NA,NA,NA,NA,NA,NA,5.71160295229889e-159,2.20419493836919e-24,NA,NA
"447","positive regulation of mitotic cell cycle",NA,NA,NA,NA,NA,NA,NA,2.68425405426922e-08,NA,NA,NA,NA,1.50575263422102e-10,NA,NA
"448","positive regulation of monocyte chemotaxis",NA,NA,NA,NA,NA,NA,NA,NA,NA,NA,0.00016896083574169,NA,NA,0.000722241769956093,NA
"449","positive regulation of natural killer cell cytokine production",NA,NA,NA,NA,NA,7.41949680712511e-81,NA,NA,NA,NA,6.0431221769978e-07,NA,NA,6.0741095190576e-06,NA
"450","positive regulation of neuron apoptotic process",1.70268423538819e-16,NA,6.32514317414672e-16,NA,NA,NA,2.92709609736319e-103,NA,NA,NA,0.0363681347763679,5.14132893033602e-54,1.25077677174149e-10,NA,NA
"451","positive regulation of neuron projection development",NA,NA,NA,NA,NA,NA,NA,NA,NA,NA,NA,NA,3.32631087364984e-11,NA,NA
"452","positive regulation of NF-kappaB transcription factor activity",6.02293606966266e-05,NA,0.000161429414143214,NA,NA,NA,NA,NA,NA,NA,0.0160083445932436,8.48864306118757e-100,4.79128053487946e-12,NA,NA
"453","positive regulation of nitric oxide biosynthetic process",NA,NA,NA,NA,NA,NA,NA,NA,NA,NA,0.000528075203729249,1.20040548926865e-55,1.46216803909196e-16,0.00171703582513753,NA
"454","positive regulation of non-canonical NF-kappaB signal transduction",NA,NA,NA,NA,NA,NA,NA,NA,NA,NA,9.89431797316485e-09,4.76193857565334e-150,NA,3.66554908869849e-07,NA
"455","positive regulation of Notch signaling pathway",NA,NA,NA,NA,NA,NA,NA,7.56712550586137e-14,NA,NA,NA,NA,NA,NA,NA
"456","positive regulation of osteoclast differentiation",NA,NA,NA,NA,NA,NA,NA,NA,NA,NA,0.000175553901518663,2.69032825019741e-85,NA,0.000554957525267348,NA
"457","positive regulation of p38MAPK cascade",NA,NA,NA,NA,NA,NA,NA,NA,NA,NA,0.0175299459611096,1.73651208426366e-116,NA,0.0270338716982301,NA
"458","positive regulation of peptidyl-serine phosphorylation",NA,NA,NA,NA,NA,NA,NA,3.82495038305767e-08,NA,NA,NA,9.61190506551698e-45,3.81827037729169e-11,NA,NA
"459","positive regulation of peptidyl-tyrosine phosphorylation",NA,NA,NA,NA,NA,NA,NA,NA,NA,NA,NA,4.58482804462364e-15,2.82227842707251e-18,NA,NA
"460","positive regulation of phagocytosis",NA,NA,NA,NA,NA,4.36154482044392e-22,NA,NA,NA,NA,NA,NA,NA,NA,NA
"461","positive regulation of phosphatidylinositol 3-kinase/protein kinase B signal transduction",NA,NA,NA,NA,NA,NA,NA,NA,0.000913617441012045,NA,NA,6.33190961386666e-48,4.58027210775256e-10,NA,NA
"462","positive regulation of phosphorylation",NA,NA,NA,NA,NA,NA,NA,NA,NA,NA,NA,1.33581617746181e-18,NA,NA,NA
"463","positive regulation of platelet aggregation",NA,NA,NA,NA,NA,NA,NA,NA,NA,NA,8.25792809422978e-05,NA,NA,0.000428858896352203,NA
"464","positive regulation of proteasomal ubiquitin-dependent protein catabolic process",NA,NA,NA,NA,NA,NA,NA,0.000845521145439012,NA,NA,NA,NA,NA,NA,NA
"465","positive regulation of protein catabolic process",NA,NA,NA,NA,NA,NA,NA,NA,NA,NA,NA,6.73430964506058e-32,NA,NA,NA
"466","positive regulation of protein import into nucleus",NA,NA,NA,NA,NA,NA,NA,NA,NA,NA,NA,NA,1.55187786790066e-32,NA,NA
"467","positive regulation of protein localization to nucleus",NA,NA,NA,NA,NA,NA,NA,NA,NA,NA,NA,NA,4.8412561371755e-10,NA,NA
"468","positive regulation of protein localization to plasma membrane",NA,NA,NA,NA,NA,NA,NA,NA,NA,NA,NA,4.3054472118494e-49,2.69447001884382e-05,NA,NA
"469","positive regulation of protein phosphorylation",NA,NA,NA,NA,NA,NA,NA,0.000228592047975773,NA,NA,0.00949990176070632,1.24409366146539e-84,3.71512926701852e-11,0.00155287436536552,NA
"470","positive regulation of protein serine/threonine kinase activity",NA,NA,NA,NA,NA,NA,NA,4.41648178675926e-16,NA,NA,NA,NA,NA,NA,NA
"471","positive regulation of protein targeting to membrane",NA,NA,NA,NA,NA,NA,NA,NA,NA,NA,NA,NA,2.94540225882726e-10,NA,NA
"472","positive regulation of protein targeting to mitochondrion",NA,NA,NA,NA,NA,NA,NA,NA,NA,NA,NA,4.9216268569194e-23,NA,NA,NA
"473","positive regulation of protein tyrosine kinase activity",NA,NA,NA,NA,NA,NA,NA,NA,NA,NA,0.0266618933115623,NA,NA,0.000448357615361702,NA
"474","positive regulation of protein-containing complex assembly",NA,NA,NA,NA,NA,NA,4.6022283162713e-43,NA,NA,NA,NA,1.61728571753736e-53,7.16513175278655e-06,NA,NA
"475","positive regulation of Ras protein signal transduction",NA,NA,NA,NA,NA,NA,NA,NA,NA,NA,0.00776129355818755,NA,NA,0.0153606640427717,NA
"476","positive regulation of reactive oxygen species metabolic process",NA,NA,NA,NA,NA,NA,NA,5.09207447584085e-09,NA,NA,NA,9.21788034630669e-28,1.60875961967201e-20,NA,NA
"477","positive regulation of receptor signaling pathway via JAK-STAT",NA,NA,NA,NA,NA,NA,NA,NA,NA,NA,NA,1.9427812347739e-109,NA,NA,NA
"478","positive regulation of receptor-mediated endocytosis",NA,NA,NA,NA,NA,3.79349870177204e-52,NA,NA,NA,NA,NA,NA,NA,NA,NA
"479","positive regulation of regulatory T cell differentiation",NA,NA,NA,NA,NA,9.37004725495515e-186,NA,NA,NA,NA,NA,NA,NA,NA,NA
"480","positive regulation of release of cytochrome c from mitochondria",3.42602925864363e-08,NA,7.34991891273148e-08,NA,NA,NA,0,NA,NA,NA,NA,NA,NA,NA,NA
"481","positive regulation of release of sequestered calcium ion into cytosol",NA,NA,NA,NA,NA,NA,NA,NA,NA,NA,NA,NA,5.48393390372261e-11,NA,NA
"482","positive regulation of SMAD protein signal transduction",NA,NA,NA,NA,NA,NA,NA,NA,NA,NA,0.042631968847702,NA,NA,NA,NA
"483","positive regulation of smooth muscle cell proliferation",NA,NA,NA,NA,NA,NA,NA,NA,NA,NA,0.000164745682466934,1.97026741259816e-175,1.83360739476145e-14,0.000736186736739299,NA
"484","positive regulation of stem cell population maintenance",NA,NA,NA,NA,NA,NA,NA,1.66393108352786e-08,NA,NA,NA,NA,1.55880870025811e-06,NA,NA
"485","positive regulation of stress fiber assembly",NA,NA,NA,NA,NA,NA,NA,NA,NA,NA,NA,NA,3.51892166835995e-06,NA,NA
"486","positive regulation of superoxide anion generation",NA,NA,NA,NA,NA,NA,NA,NA,NA,NA,NA,NA,1.32401527625282e-13,NA,NA
"487","positive regulation of synaptic transmission",NA,NA,NA,NA,NA,NA,NA,NA,NA,NA,0.0383830991878218,1.27450998915424e-102,NA,NA,NA
"488","positive regulation of T cell activation",NA,NA,NA,NA,NA,NA,NA,NA,NA,NA,4.32390893219875e-34,2.54765123722794e-06,NA,4.48730476082673e-30,NA
"489","positive regulation of T cell mediated cytotoxicity",NA,NA,NA,NA,NA,1.56507087046694e-73,NA,NA,NA,NA,NA,NA,NA,NA,NA
"490","positive regulation of T cell migration",NA,NA,NA,NA,NA,NA,NA,NA,NA,NA,0.00265425406551871,1.71840220352652e-11,NA,0.00808624059012731,NA
"491","positive regulation of T cell proliferation",NA,NA,NA,NA,NA,NA,NA,NA,NA,NA,2.07214243737573e-08,7.56691804060397e-06,NA,3.74253979436844e-07,NA
"492","positive regulation of T cell tolerance induction",NA,NA,NA,NA,NA,2.24475010719407e-284,NA,NA,NA,NA,NA,NA,NA,NA,NA
"493","positive regulation of telomere maintenance",NA,NA,NA,NA,NA,NA,NA,NA,NA,NA,0.0357212356034894,NA,NA,NA,NA
"494","positive regulation of telomere maintenance in response to DNA damage",NA,NA,NA,NA,NA,NA,NA,NA,NA,NA,1.0367971715645e-05,NA,NA,5.16676552110242e-05,NA
"495","positive regulation of TOR signaling",NA,NA,NA,NA,NA,NA,NA,NA,2.6709040425364e-39,NA,NA,NA,NA,NA,NA
"496","positive regulation of TORC1 signaling",NA,NA,NA,NA,NA,NA,NA,7.12716786575121e-05,4.96120378694321e-20,NA,NA,NA,NA,NA,NA
"497","positive regulation of transcription by RNA polymerase II",NA,NA,NA,NA,NA,NA,NA,7.72340469911625e-23,NA,NA,NA,2.24938853436495e-07,8.29437297308832e-27,NA,NA
"498","positive regulation of transcription initiation by RNA polymerase II",NA,NA,NA,NA,NA,NA,NA,NA,NA,7.1461262569949e-53,0.0298232800374788,NA,NA,NA,NA
"499","positive regulation of tumor necrosis factor production",NA,NA,NA,NA,NA,2.05829751684368e-06,NA,NA,NA,NA,0.0119334722692128,4.35733927561717e-30,0.00871706375035503,0.0177502726498137,NA
"500","positive regulation of type I interferon production",7.744551265624e-05,NA,0.00112902323225045,NA,NA,NA,NA,NA,NA,NA,NA,NA,NA,NA,NA
"501","positive regulation of type II interferon production",NA,NA,NA,NA,NA,NA,NA,NA,NA,NA,NA,NA,1.25676905687275e-05,NA,NA
"502","positive regulation of tyrosine phosphorylation of STAT protein",NA,NA,NA,NA,NA,NA,NA,NA,NA,NA,0.040178977247817,2.2842959471119e-160,NA,NA,NA
"503","positive regulation of vascular associated smooth muscle cell proliferation",NA,NA,NA,NA,NA,NA,NA,NA,NA,NA,NA,7.50092636789577e-15,NA,NA,NA
"504","positive regulation of vascular endothelial growth factor production",NA,NA,NA,NA,NA,NA,NA,NA,NA,NA,NA,5.79596814680404e-15,NA,NA,NA
"505","positive regulation of vasoconstriction",NA,NA,NA,NA,NA,NA,NA,NA,NA,NA,NA,NA,1.50221946376477e-09,NA,NA
"506","positive regulation of wound healing",NA,NA,NA,NA,NA,NA,NA,NA,NA,NA,NA,NA,7.92445093937468e-19,NA,NA
"507","post-embryonic development",NA,NA,NA,NA,NA,NA,NA,1.67237321339488e-05,NA,NA,NA,NA,5.56560912113545e-07,NA,NA
"508","post-translational protein modification",NA,NA,NA,NA,NA,NA,NA,NA,NA,NA,NA,NA,2.75759702580846e-10,NA,NA
"509","programmed cell death",1.81284660603124e-05,NA,0.000584147805668147,NA,NA,NA,NA,NA,NA,NA,NA,NA,NA,NA,NA
"510","proteasome-mediated ubiquitin-dependent protein catabolic process",NA,NA,NA,NA,NA,NA,NA,5.04035928286709e-05,NA,NA,NA,NA,NA,NA,NA
"511","protection from natural killer cell mediated cytotoxicity",NA,NA,NA,NA,NA,3.97684204274301e-180,NA,NA,NA,NA,NA,NA,NA,NA,NA
"512","protein autophosphorylation",NA,NA,NA,NA,NA,NA,NA,1.4998968655347e-09,NA,NA,NA,NA,1.07208104748318e-12,NA,NA
"513","protein deubiquitination",NA,NA,NA,NA,NA,NA,NA,0.000227125082257158,NA,NA,NA,NA,NA,NA,NA
"514","protein folding",NA,0.0345917239381086,NA,NA,NA,NA,NA,NA,NA,NA,NA,1.37481252515401e-05,NA,NA,0.00045376594613265
"515","protein homotrimerization",NA,NA,NA,NA,NA,4.45497969025806e-244,NA,NA,NA,NA,NA,NA,NA,NA,NA
"516","protein K63-linked ubiquitination",NA,NA,NA,NA,NA,NA,NA,NA,NA,NA,0.0360961441078634,NA,NA,0.0316432981675987,NA
"517","protein localization",NA,0.0495963738838382,NA,0.0153010055666616,NA,NA,NA,2.75707827828268e-05,4.7191226494093e-06,NA,NA,NA,NA,NA,NA
"518","protein localization to cell surface",NA,NA,NA,NA,NA,NA,NA,NA,NA,NA,0.0201450024157919,NA,NA,0.0410297796870157,NA
"519","protein localization to chromatin",NA,NA,NA,NA,NA,NA,NA,NA,NA,NA,NA,NA,NA,0.0316355305831731,NA
"520","protein localization to plasma membrane",NA,NA,NA,NA,NA,NA,NA,NA,NA,NA,NA,2.09468876840326e-19,NA,NA,NA
"521","protein localization to site of double-strand break",NA,NA,NA,NA,NA,NA,NA,NA,NA,2.48912277078081e-149,0.000906540036065944,NA,NA,0.00235500548095355,NA
"522","protein maturation",0.00114192981569882,NA,0.00352121827517871,NA,NA,NA,NA,NA,NA,NA,NA,NA,NA,NA,NA
"523","protein modification process",NA,NA,NA,NA,NA,NA,NA,1.23029502853081e-05,5.21187359545315e-05,NA,NA,NA,6.27362278600394e-36,NA,NA
"524","protein phosphorylation",0.0405909714211053,NA,NA,NA,NA,NA,NA,9.64253357578006e-28,NA,NA,NA,NA,6.30841297672963e-43,NA,NA
"525","protein refolding",NA,NA,NA,NA,NA,NA,NA,NA,NA,NA,NA,1.38068751236483e-25,NA,NA,NA
"526","protein stabilization",NA,0.00546880434180475,NA,NA,NA,NA,NA,2.09601563824495e-06,NA,0.025330593042203,NA,NA,1.28947448728522e-06,NA,0.00145454131252997
"527","protein targeting",NA,0.00261396692372177,NA,NA,NA,NA,NA,NA,NA,NA,NA,NA,NA,NA,NA
"528","protein-containing complex assembly",NA,NA,NA,NA,NA,NA,NA,0.00845901242361718,NA,NA,NA,0.000118031127683873,0.0278756108813103,NA,NA
"529","proteolysis involved in protein catabolic process",NA,NA,NA,NA,NA,NA,NA,NA,NA,NA,0.00101954805015478,NA,NA,0.00468906593309633,NA
"530","pyrimidine nucleotide-sugar transmembrane transport",NA,NA,NA,NA,NA,NA,NA,NA,NA,NA,2.19168477814896e-06,NA,NA,NA,NA
"531","pyroptosis",1.84060671031226e-11,NA,1.11615944093881e-12,NA,NA,NA,NA,NA,NA,NA,NA,NA,NA,NA,NA
"532","Rac protein signal transduction",NA,NA,NA,NA,NA,NA,NA,NA,NA,NA,NA,NA,NA,0.010846017236353,NA
"533","Ras protein signal transduction",0.00165347210865782,NA,0.00296154221454859,NA,NA,NA,NA,7.67476961821698e-15,NA,NA,NA,NA,2.01864446033337e-19,NA,NA
"534","reactive oxygen species metabolic process",NA,NA,NA,NA,NA,NA,9.94932430001423e-46,1.57106749234183e-07,NA,NA,NA,NA,NA,NA,NA
"535","receptor-mediated endocytosis",NA,NA,NA,NA,NA,NA,NA,NA,NA,NA,NA,4.12016189143056e-06,NA,NA,NA
"536","reciprocal meiotic recombination",NA,NA,NA,NA,NA,NA,NA,NA,NA,9.63047816232997e-35,NA,NA,NA,NA,NA
"537","regulation of actin cytoskeleton organization",NA,NA,NA,NA,NA,NA,NA,NA,NA,NA,NA,NA,2.48573045692702e-10,NA,NA
"538","regulation of apoptotic process",0.000479363388850572,NA,0.00124612297590107,NA,NA,NA,4.56833215845484e-184,0.000308047073316896,NA,NA,NA,NA,1.92332747909467e-10,NA,NA
"539","regulation of autophagy",NA,NA,NA,NA,NA,NA,NA,NA,NA,NA,NA,NA,2.38004914294762e-17,NA,NA
"540","regulation of canonical NF-kappaB signal transduction",NA,NA,NA,NA,NA,NA,NA,NA,NA,NA,0.00234499196785659,1.40292126858573e-71,NA,NA,NA
"541","regulation of cell adhesion",NA,NA,NA,NA,NA,NA,NA,NA,NA,NA,NA,NA,5.64395269088397e-11,NA,NA
"542","regulation of cell cycle",NA,NA,NA,NA,NA,NA,3.65319155852739e-24,5.66177092700137e-19,NA,0.0295345166665444,NA,NA,2.38457624395516e-20,NA,NA
"543","regulation of cell differentiation",NA,NA,NA,NA,NA,NA,NA,2.09601563824495e-06,NA,NA,NA,NA,NA,NA,NA
"544","regulation of cell motility",NA,NA,NA,NA,NA,NA,NA,NA,NA,NA,NA,NA,2.38383434634063e-18,NA,NA
"545","regulation of cell population proliferation",0.00674920654215182,NA,0.00286648808612963,NA,NA,NA,NA,2.97664206022276e-14,NA,0.0339564739913733,NA,2.10643613124276e-07,4.76587455232294e-34,NA,NA
"546","regulation of chromosome organization",NA,NA,NA,NA,NA,NA,NA,NA,NA,NA,0.000585794930063238,NA,NA,0.00202001336308039,NA
"547","regulation of circadian rhythm",NA,0.0241141386480184,NA,NA,NA,NA,NA,7.30064492763152e-06,NA,NA,NA,NA,NA,NA,NA
"548","regulation of developmental process",NA,NA,NA,NA,NA,NA,NA,NA,NA,NA,0.000103375423008173,4.69705647623549e-147,NA,0.000302617970127637,NA
"549","regulation of DNA repair",NA,NA,NA,NA,NA,NA,NA,3.68309761264577e-06,NA,NA,NA,NA,NA,NA,NA
"550","regulation of DNA replication",NA,NA,NA,NA,NA,NA,NA,NA,NA,NA,4.73307395736479e-05,NA,NA,0.000283107002837586,NA
"551","regulation of DNA-templated transcription",NA,NA,NA,NA,NA,NA,NA,8.05182322328071e-13,NA,NA,NA,NA,0.000184166887347758,NA,NA
"552","regulation of double-strand break repair via homologous recombination",5.4943733465305e-10,NA,8.30862496535462e-09,NA,NA,NA,NA,NA,NA,NA,NA,NA,NA,NA,NA
"553","regulation of embryonic development",NA,NA,NA,NA,NA,NA,NA,1.24452681944537e-06,NA,NA,1.29528808771924e-05,NA,NA,0.00046613926832775,NA
"554","regulation of extracellular matrix disassembly",NA,NA,NA,NA,NA,NA,NA,NA,NA,NA,2.11602106919721e-05,NA,NA,6.91480394343626e-05,NA
"555","regulation of gene expression",NA,NA,NA,NA,NA,NA,NA,6.66008109924558e-23,2.01730072313227e-07,NA,NA,NA,1.20270494563092e-06,NA,NA
"556","regulation of inflammatory response",0.00353114410790696,NA,0.00352121827517871,NA,NA,NA,NA,NA,NA,NA,0.03715416410431,3.29587540972807e-50,0.000923132087736228,0.0421454175479175,NA
"557","regulation of insulin secretion",NA,NA,NA,NA,NA,NA,NA,NA,NA,NA,0.0371322370965709,8.37580082107151e-76,NA,NA,NA
"558","regulation of long-term synaptic potentiation",NA,NA,NA,NA,NA,NA,NA,NA,NA,NA,5.29491544182028e-05,2.19626234991914e-67,NA,4.08522497587937e-11,NA
"559","regulation of macroautophagy",NA,0.00745960059839706,NA,NA,NA,NA,NA,NA,NA,NA,NA,NA,NA,NA,0.000125996022351333
"560","regulation of macromolecule metabolic process",NA,NA,NA,NA,NA,NA,NA,1.08415529475855e-14,NA,NA,NA,NA,NA,NA,NA
"561","regulation of metabolic process",NA,NA,NA,NA,NA,NA,NA,NA,NA,NA,NA,2.14723313984436e-46,NA,NA,NA
"562","regulation of mitochondrial membrane potential",NA,NA,NA,NA,NA,NA,6.59466631610042e-82,NA,NA,NA,NA,NA,3.96842077762486e-10,NA,NA
"563","regulation of mitotic cell cycle",0.0319135030054763,NA,NA,NA,NA,NA,NA,2.09601563824495e-06,NA,NA,NA,NA,7.56889794421075e-05,NA,NA
"564","regulation of mitotic nuclear division",1.26940194283206e-15,NA,6.02307804419727e-15,NA,NA,NA,NA,NA,NA,NA,NA,NA,NA,NA,NA
"565","regulation of monoatomic ion transport",NA,NA,NA,NA,NA,NA,NA,NA,NA,NA,2.46510511742325e-09,NA,NA,NA,NA
"566","regulation of multicellular organismal process",NA,NA,NA,NA,NA,NA,NA,NA,NA,NA,2.48600966592664e-05,1.73759482999908e-163,NA,0.000103960336975644,NA
"567","regulation of neurogenesis",NA,NA,NA,NA,NA,NA,NA,5.37507383593737e-08,NA,NA,NA,NA,NA,NA,NA
"568","regulation of neurotransmitter receptor localization to postsynaptic specialization membrane",NA,NA,NA,NA,NA,NA,NA,NA,NA,NA,NA,NA,8.88878396467539e-16,NA,NA
"569","regulation of p38MAPK cascade",NA,NA,NA,NA,NA,NA,NA,NA,NA,NA,3.37879041604485e-06,3.58806209550817e-178,NA,1.62512267737408e-05,NA
"570","regulation of peptidyl-tyrosine phosphorylation",NA,NA,NA,NA,NA,NA,NA,NA,NA,NA,NA,NA,5.90293268613915e-15,NA,NA
"571","regulation of postsynaptic membrane potential",NA,NA,NA,NA,NA,NA,NA,NA,NA,NA,NA,NA,NA,0.00115216075163929,NA
"572","regulation of presynaptic membrane potential",NA,NA,NA,NA,NA,NA,NA,NA,NA,NA,0.0161297373314064,NA,NA,0.0301885485213742,NA
"573","regulation of primary metabolic process",NA,NA,NA,NA,NA,NA,NA,NA,5.40681651426071e-55,NA,NA,NA,2.56007095597642e-28,NA,NA
"574","regulation of protein localization",5.66994502117084e-05,NA,0.000106541592160581,NA,NA,NA,NA,NA,NA,NA,NA,NA,3.39593294700696e-05,NA,NA
"575","regulation of protein stability",NA,NA,NA,NA,NA,NA,8.42339873617481e-20,0.00204978198954622,NA,NA,NA,NA,NA,NA,NA
"576","regulation of reactive oxygen species metabolic process",NA,NA,NA,NA,NA,NA,NA,NA,NA,NA,0.0486571967373753,1.2867849842629e-85,NA,NA,NA
"577","regulation of signal transduction by p53 class mediator",NA,NA,NA,NA,NA,NA,NA,5.44397913027146e-16,NA,NA,NA,NA,NA,NA,NA
"578","regulation of spontaneous synaptic transmission",NA,NA,NA,NA,NA,NA,NA,NA,NA,NA,2.88282986134451e-05,6.67986855549925e-160,NA,9.82090408550453e-05,NA
"579","regulation of stem cell population maintenance",NA,NA,NA,NA,NA,NA,NA,NA,NA,NA,7.97050820624207e-07,NA,NA,4.19074008714795e-06,NA
"580","regulation of synapse organization",NA,NA,NA,NA,NA,NA,NA,NA,NA,NA,NA,1.68567438617182e-120,NA,0.0278148697268118,NA
"581","regulation of synaptic plasticity",NA,NA,NA,NA,NA,NA,NA,NA,NA,NA,NA,7.68355711457667e-37,NA,NA,NA
"582","regulation of synaptic transmission, glutamatergic",NA,NA,NA,NA,NA,NA,NA,NA,NA,NA,NA,6.36034152719176e-59,NA,NA,NA
"583","regulation of transcription by RNA polymerase II",NA,NA,NA,NA,NA,NA,NA,1.92504714645588e-21,NA,NA,NA,NA,0.000658469138097882,NA,NA
"584","regulation of translation",NA,NA,NA,NA,NA,NA,NA,1.23801353746164e-05,NA,NA,NA,NA,NA,NA,NA
"585","regulation of triglyceride metabolic process",NA,NA,NA,NA,NA,NA,NA,NA,NA,NA,1.31799794434135e-05,NA,NA,4.32170655380984e-05,NA
"586","release of cytochrome c from mitochondria",NA,NA,NA,NA,NA,NA,0,1.1045305561895e-10,NA,NA,NA,NA,1.76128739665553e-36,NA,NA
"587","release of sequestered calcium ion into cytosol",NA,NA,NA,NA,NA,NA,NA,NA,NA,NA,NA,NA,1.55854431648895e-09,NA,NA
"588","replication fork processing",4.02110666787065e-13,NA,2.35722991947036e-10,NA,NA,NA,NA,NA,NA,1.07000582209876e-34,NA,NA,NA,NA,NA
"589","replicative senescence",1.29936112436743e-10,NA,1.99538955395229e-10,NA,NA,NA,NA,NA,NA,NA,NA,NA,NA,NA,NA
"590","response to activity",NA,NA,NA,NA,NA,NA,NA,NA,NA,NA,NA,5.53552779074973e-27,4.65583314328588e-08,NA,NA
"591","response to amyloid-beta",NA,NA,NA,NA,NA,NA,NA,NA,NA,NA,0.00415436315090984,5.87437826751473e-107,NA,6.41287843871993e-05,NA
"592","response to bacterium",NA,NA,NA,NA,NA,NA,NA,NA,NA,NA,0.0243392597696911,NA,NA,NA,NA
"593","response to cytokine",NA,NA,NA,NA,NA,NA,1.02351798373075e-31,NA,NA,NA,NA,NA,NA,NA,NA
"594","response to endoplasmic reticulum stress",NA,NA,NA,NA,NA,NA,NA,NA,NA,NA,NA,NA,0.000276603625350854,NA,NA
"595","response to estradiol",NA,NA,0.0234393182307825,NA,NA,NA,NA,1.19641210096993e-07,NA,NA,NA,2.95552917780269e-43,7.54489545178601e-20,NA,NA
"596","response to estrogen",NA,NA,NA,NA,NA,NA,NA,NA,NA,NA,NA,NA,4.88861361618701e-07,NA,NA
"597","response to ethanol",NA,NA,NA,NA,NA,NA,NA,2.2706844097112e-06,NA,NA,NA,NA,NA,NA,NA
"598","response to gamma radiation",2.32033699825587e-18,NA,4.32081805420521e-17,NA,NA,NA,2.9498100372933e-177,NA,NA,2.45429900820684e-31,NA,NA,3.46133625747466e-24,NA,NA
"599","response to glucocorticoid",NA,NA,NA,NA,NA,NA,1.7832555787243e-23,NA,NA,NA,NA,8.65210278122528e-66,NA,NA,NA
"600","response to hydrogen peroxide",NA,NA,NA,NA,NA,NA,7.64169344369185e-49,NA,NA,NA,NA,NA,NA,NA,NA
"601","response to hypoxia",NA,NA,NA,NA,NA,NA,1.10300555706515e-10,0.00467630510024891,0.000189215207308013,NA,NA,7.44530124608993e-27,7.91265162671531e-09,NA,NA
"602","response to ionizing radiation",0.00124112878212225,NA,0.00567125721126873,NA,NA,NA,NA,NA,NA,5.44729428101611e-14,NA,NA,NA,NA,NA
"603","response to ischemia",NA,NA,NA,NA,NA,NA,2.4686150683887e-25,0.000137504240419784,NA,NA,NA,NA,3.37428214363533e-06,NA,NA
"604","response to lipopolysaccharide",NA,NA,NA,NA,NA,NA,NA,NA,0.000278007998194942,NA,NA,0.00628315160748647,2.84238326107753e-19,NA,NA
"605","response to nicotine",NA,NA,NA,NA,NA,NA,NA,NA,NA,NA,NA,NA,3.76495704021357e-11,NA,NA
"606","response to nutrient levels",NA,NA,NA,NA,NA,NA,NA,NA,NA,NA,NA,1.53511387081604e-12,NA,NA,NA
"607","response to organic cyclic compound",NA,NA,NA,NA,NA,NA,1.36126537711835e-16,0.0058811709354188,NA,NA,NA,8.24085628359594e-19,1.74036786064201e-06,NA,NA
"608","response to oxidative stress",NA,NA,NA,NA,NA,NA,NA,0.00310335777193458,3.95689337367767e-08,1.82796454199922e-11,NA,1.73951574957018e-08,2.10150146951396e-09,NA,NA
"609","response to peptide hormone",NA,NA,NA,NA,NA,NA,NA,NA,NA,NA,NA,NA,3.20545936555767e-07,NA,NA
"610","response to progesterone",NA,NA,NA,NA,NA,NA,NA,9.61820790539795e-06,NA,NA,NA,NA,1.65109793151876e-13,NA,NA
"611","response to stress",1.11815729500271e-06,NA,4.59518265748004e-06,NA,NA,NA,2.16143288211003e-155,NA,NA,NA,NA,NA,5.73510257122753e-14,NA,NA
"612","response to toxic substance",NA,NA,NA,NA,NA,NA,NA,NA,NA,NA,NA,7.19397771242971e-14,0.000456624065837097,NA,NA
"613","response to unfolded protein",NA,NA,NA,NA,NA,NA,NA,NA,NA,NA,NA,2.60321057283958e-13,5.98954035111881e-06,NA,NA
"614","response to UV",NA,NA,NA,NA,NA,NA,1.04618154207403e-35,NA,NA,4.88985859758226e-93,NA,1.29629610609543e-10,NA,NA,NA
"615","response to virus",NA,NA,NA,NA,NA,NA,NA,NA,NA,NA,NA,1.27568950526062e-23,NA,NA,NA
"616","response to wounding",NA,NA,NA,NA,NA,NA,NA,2.40468666648507e-26,NA,NA,NA,5.73172373350851e-35,6.13484177228234e-07,NA,NA
"617","response to xenobiotic stimulus",NA,NA,NA,NA,NA,NA,2.55881398741045e-12,0.000298180093248765,3.67144303436026e-05,4.99538337329016e-09,NA,2.26875793711765e-10,8.65357264714753e-16,NA,NA
"618","retinal metabolic process",NA,NA,NA,NA,NA,NA,NA,NA,NA,NA,0.000546864412259639,NA,NA,0.00219297289521772,NA
"619","retinoic acid receptor signaling pathway",NA,NA,NA,NA,NA,NA,NA,NA,NA,NA,0.00217677213160944,NA,NA,0.00562201842976622,NA
"620","retinol metabolic process",NA,NA,NA,NA,NA,NA,NA,NA,NA,NA,NA,NA,8.12530303733154e-05,NA,NA
"621","reverse cholesterol transport",NA,NA,NA,NA,NA,NA,NA,NA,NA,NA,0.00210618223335234,8.53950044812894e-28,NA,0.0303837368654236,NA
"622","rhythmic process",NA,NA,NA,NA,NA,NA,NA,3.07165940428321e-18,3.23206314835073e-06,NA,NA,NA,4.02267303439785e-13,NA,NA
"623","RNA polymerase II preinitiation complex assembly",NA,NA,NA,NA,NA,NA,NA,NA,NA,NA,0.00256476687651973,NA,NA,0.0238770977508879,NA
"624","ruffle assembly",NA,NA,NA,NA,NA,NA,NA,NA,NA,NA,0.000531313271514178,NA,NA,9.56780261668528e-05,NA
"625","signal transduction",NA,NA,NA,NA,NA,NA,NA,3.88800263454772e-06,NA,NA,NA,0.0228906572558293,5.5951765586494e-15,NA,NA
"626","signal transduction in response to DNA damage",NA,NA,NA,NA,NA,NA,NA,NA,NA,NA,NA,NA,1.90147557356752e-25,NA,NA
"627","signaling",NA,NA,NA,NA,NA,NA,4.65774048751305e-18,NA,NA,NA,4.37888208938275e-25,4.76917295139691e-36,0.000280758514463036,3.48845434326907e-27,NA
"628","single strand break repair",NA,NA,NA,NA,NA,NA,NA,NA,NA,1.36209849130006e-39,NA,NA,NA,NA,NA
"629","skeletal muscle cell differentiation",NA,NA,NA,NA,NA,NA,NA,NA,NA,NA,NA,NA,5.39820603442492e-10,NA,NA
"630","skeletal system development",NA,NA,NA,NA,NA,NA,NA,6.26673480157717e-06,NA,NA,NA,NA,1.57301202052197e-07,NA,NA
"631","smooth muscle cell migration",NA,NA,NA,NA,NA,NA,NA,NA,NA,NA,0.0289205464652754,NA,NA,0.0458800030673451,NA
"632","sodium ion transmembrane transport",NA,NA,NA,NA,NA,NA,NA,NA,3.07975401010057e-12,NA,NA,NA,NA,NA,NA
"633","sodium ion transport",NA,NA,NA,NA,NA,NA,NA,NA,1.2126915423884e-08,NA,NA,NA,NA,NA,NA
"634","somatic stem cell population maintenance",NA,NA,NA,NA,NA,NA,NA,9.37540608402013e-78,NA,NA,NA,NA,NA,NA,NA
"635","spermatogenesis",NA,NA,NA,NA,NA,NA,2.69376493340582e-09,0.024823050300777,NA,NA,NA,NA,NA,NA,NA
"636","sphingolipid biosynthetic process",NA,NA,NA,NA,NA,NA,NA,NA,NA,NA,NA,NA,5.45065129999e-06,NA,NA
"637","spliceosomal complex assembly",NA,NA,NA,NA,NA,NA,NA,NA,NA,NA,NA,NA,NA,0.00808624059012731,NA
"638","spliceosomal tri-snRNP complex assembly",NA,NA,NA,NA,NA,NA,NA,NA,NA,NA,1.46596353965422e-11,NA,NA,3.0480399153938e-10,NA
"639","stem cell differentiation",NA,NA,NA,NA,NA,NA,NA,9.0060489635091e-06,NA,NA,NA,NA,1.91294330007762e-07,NA,NA
"640","stem cell population maintenance",NA,NA,NA,NA,NA,NA,NA,NA,NA,NA,NA,NA,3.40338630032147e-10,NA,NA
"641","stem cell proliferation",NA,NA,NA,NA,NA,NA,NA,7.2464525982654e-09,NA,NA,NA,NA,4.73302831930967e-11,NA,NA
"642","steroid hormone mediated signaling pathway",NA,NA,NA,NA,NA,NA,NA,NA,NA,NA,NA,NA,2.36868119997533e-22,NA,NA
"643","suppression of viral release by host",NA,NA,NA,NA,NA,NA,NA,NA,NA,NA,2.4331952177183e-06,NA,NA,0.000283107002837586,NA
"644","symbiont entry into host cell",NA,NA,NA,NA,NA,NA,NA,NA,NA,NA,NA,0.000530166021692579,NA,NA,NA
"645","synaptic transmission, GABAergic",NA,NA,NA,NA,NA,NA,NA,NA,NA,NA,0.0266618933115623,NA,NA,0.0456336014922269,NA
"646","synaptonemal complex assembly",NA,NA,NA,NA,NA,NA,NA,NA,NA,NA,0.00776129355818755,NA,NA,0.0182030291107537,NA
"647","T cell activation",NA,NA,NA,NA,NA,NA,NA,NA,NA,NA,NA,NA,1.24477669430463e-09,NA,NA
"648","T cell costimulation",NA,NA,NA,NA,NA,NA,NA,NA,NA,NA,NA,NA,1.30611055128083e-35,NA,NA
"649","T cell differentiation",NA,NA,NA,NA,NA,NA,NA,NA,NA,NA,NA,NA,3.11730591232926e-21,NA,NA
"650","T cell differentiation in thymus",NA,NA,NA,NA,NA,NA,NA,1.83241851823916e-15,NA,NA,NA,NA,3.4015726470234e-34,NA,NA
"651","T cell homeostasis",NA,NA,NA,NA,NA,NA,NA,NA,NA,NA,NA,NA,5.29275225098412e-10,NA,NA
"652","T cell mediated immunity",NA,NA,NA,NA,NA,NA,NA,NA,NA,NA,0.00373603637402571,NA,NA,0.00109637327507603,NA
"653","T cell receptor signaling pathway",NA,NA,NA,NA,NA,NA,NA,0.00904076902808802,NA,NA,NA,9.2084990981731e-12,2.17775650110805e-23,NA,NA
"654","tail-anchored membrane protein insertion into ER membrane",NA,NA,NA,NA,NA,NA,NA,NA,NA,NA,0.0147717128765049,NA,NA,6.16929433860407e-05,NA
"655","telomere maintenance",NA,NA,NA,NA,NA,NA,NA,0.000171548306197118,NA,5.53628370361353e-50,NA,NA,NA,NA,NA
"656","telomere maintenance via telomerase",NA,NA,NA,NA,NA,NA,NA,NA,NA,NA,NA,NA,5.01728070056983e-15,NA,NA
"657","termination of RNA polymerase I transcription",NA,NA,NA,NA,NA,NA,NA,NA,NA,NA,4.11380718394261e-07,NA,NA,2.3157318257766e-06,NA
"658","thiamine pyrophosphate transmembrane transport",NA,NA,NA,NA,NA,NA,NA,NA,NA,NA,2.03506529324624e-07,NA,NA,1.68974161003576e-06,NA
"659","thymus development",NA,NA,NA,NA,NA,NA,NA,4.9968181716054e-27,NA,NA,NA,NA,1.87504946670533e-21,NA,NA
"660","thyroid gland development",NA,NA,NA,NA,NA,NA,NA,1.49123164823907e-26,NA,NA,NA,NA,5.27810357573661e-33,NA,NA
"661","transcription by RNA polymerase I",NA,NA,NA,NA,NA,NA,NA,NA,NA,2.49698332880388e-74,NA,NA,NA,NA,NA
"662","transcription by RNA polymerase II",NA,NA,NA,NA,NA,NA,NA,9.61820790539795e-06,NA,1.50329740190173e-61,NA,NA,5.67075563624429e-06,NA,NA
"663","transcription by RNA polymerase III",NA,NA,NA,NA,NA,NA,NA,NA,NA,5.27740693736738e-21,NA,NA,NA,NA,NA
"664","transcription initiation at RNA polymerase II promoter",NA,NA,NA,NA,NA,NA,NA,NA,NA,1.50541835934698e-40,0.0011975987238929,NA,NA,0.0142250598432624,NA
"665","transcription initiation-coupled chromatin remodeling",NA,NA,NA,NA,NA,NA,NA,3.70439301337481e-10,NA,NA,NA,NA,NA,NA,NA
"666","transcription-coupled nucleotide-excision repair",NA,NA,NA,NA,NA,NA,NA,NA,NA,1.27972016729833e-50,NA,NA,NA,NA,NA
"667","transforming growth factor beta receptor signaling pathway",NA,NA,NA,NA,NA,NA,NA,NA,NA,NA,NA,3.19793108211819e-05,0.000275618107657822,NA,NA
"668","transmembrane transport",NA,NA,NA,NA,NA,NA,NA,NA,NA,NA,NA,NA,0.0203509710567404,NA,NA
"669","transport across blood-brain barrier",NA,NA,NA,NA,NA,NA,NA,NA,NA,NA,NA,1.89159280830646e-39,0.000204539524670939,NA,NA
"670","triglyceride homeostasis",NA,NA,NA,NA,NA,NA,NA,NA,NA,NA,NA,7.8098838735455e-39,NA,NA,NA
"671","tRNA 5'-leader removal",NA,NA,NA,NA,NA,NA,NA,NA,NA,NA,0.00150262223202972,NA,NA,0.00471835981215009,NA
"672","tRNA aminoacylation for protein translation",NA,1.02664671020542e-08,NA,NA,NA,NA,NA,NA,NA,NA,3.36165157883026e-07,NA,NA,9.32714383990019e-06,2.12873137755089e-07
"673","tRNA processing",NA,NA,NA,NA,NA,NA,NA,NA,NA,NA,0.0229816230049681,NA,NA,NA,NA
"674","tRNA splicing, via endonucleolytic cleavage and ligation",NA,NA,NA,NA,NA,NA,NA,NA,NA,NA,0.000249492676024409,NA,NA,0.000866000106781297,NA
"675","tRNA-type intron splice site recognition and cleavage",NA,NA,NA,NA,NA,NA,NA,NA,NA,NA,4.4356050859262e-10,NA,NA,3.87400331828433e-09,NA
"676","tumor necrosis factor-mediated signaling pathway",0.00563040095720279,NA,0.00480941919138159,NA,NA,NA,1.42978322178816e-42,NA,NA,NA,NA,6.20704153259055e-49,NA,NA,NA
"677","ubiquitin-dependent protein catabolic process",NA,NA,NA,NA,NA,NA,NA,NA,0.0420693369923724,NA,NA,NA,NA,NA,NA
"678","ureteric bud development",NA,NA,NA,NA,NA,NA,NA,NA,NA,NA,NA,NA,2.28116149132064e-15,NA,NA
"679","vascular endothelial growth factor receptor signaling pathway",NA,NA,NA,NA,NA,NA,NA,NA,NA,NA,NA,NA,4.08350238082667e-16,NA,NA
"680","vasodilation",NA,NA,NA,NA,NA,NA,NA,NA,NA,NA,NA,3.01006736596614e-09,NA,NA,NA
"681","Wnt signaling pathway",NA,NA,NA,NA,NA,NA,NA,9.17155543306652e-05,NA,NA,NA,NA,NA,NA,NA
"682","xenobiotic metabolic process",NA,NA,NA,NA,NA,NA,NA,NA,NA,NA,NA,1.77521685211256e-08,1.55213132526751e-10,NA,NA
"683","zinc ion transmembrane transport",NA,NA,NA,NA,NA,NA,NA,NA,NA,NA,0.000896808688436472,NA,NA,0.0024893297870253,NA
"684","zinc ion transport",NA,NA,NA,NA,NA,NA,NA,NA,NA,NA,0.000955533952792571,NA,NA,0.00240971460287822,NA
